Sample_ID,Line/Donor,Age,Date.of.differentiation,Region,Version,Condition,Glutamatergic_ODS,GABAergic_ODS,Non_neuronal_ODS,Dividing_Progenitor_ODS,Neural_Progenitor_ODS,Intermediate_Progenitor_ODS,sample_type
21047XR-55-22,8858.3,30,December_2022,cortical,v0,baseline_feeding_schedule,0.5099337260872825,0.9526050523982372,-0.44772057647756935,0.8367981795456989,0.8046854378626274,-0.12384905935810253,organoid
21047XR-55-23,8858.3,30,December_2022,cortical,v0,baseline_feeding_schedule,0.5304905803695986,0.9568253001924409,-0.4020187771584529,0.8486413712748634,0.7914826713307496,-0.24176930724078116,organoid
21047XR-55-24,8858.3,30,December_2022,cortical,v0,baseline_feeding_schedule,0.651052834420285,0.9053404115670063,-0.6156356616603373,0.8593551117853555,0.6590526540784436,0.524292826100157,organoid
21047XR-63-22,C4.1,30,December_2022,cortical,v0,baseline_feeding_schedule,0.5959977244222994,0.9627811726086815,-0.4269938528391306,0.8178267622931562,0.6935925430504837,0.7585594118849988,organoid
21047XR-63-23,C4.1,30,December_2022,cortical,v0,baseline_feeding_schedule,0.6065272021455842,0.966627807148011,-0.8455992193013768,0.8236233130781176,0.6694114572494121,0.5028672579010299,organoid
21047XR-63-24,C4.1,30,December_2022,cortical,v0,baseline_feeding_schedule,0.9103903299091601,0.8017290120173247,-0.3590660637377143,0.8152946929617086,0.7452547247458357,-0.7330671163343097,organoid
21047R-94-16,C4.1,30,April_2023,spinal,v5,baseline_feeding_schedule,0.8836948676977263,0.8061406814255876,-0.496345559756886,0.8161523401150479,0.7366747863775334,-0.82424896817861,organoid
21047R-94-17,C4.1,30,April_2023,spinal,v5,baseline_feeding_schedule,0.9071179670731487,0.8162132714487678,-0.5865533297051606,0.82606590164762,0.7106225827767776,-0.7685229184544125,organoid
21047R-94-18,C4.1,30,April_2023,spinal,v5,baseline_feeding_schedule,0.44583382635769253,0.9552151357750951,-1.0201830883139857,0.712887720281944,0.5968785483549139,-0.10474008495322029,organoid
21047R-94-22,8858.3,30,April_2023,cortical,v5,baseline_feeding_schedule,0.5799370029481092,0.8584598239862259,-1.1771938801760027,0.7988029465723164,0.5322840669194897,0.933614401882773,organoid
21047R-94-23,8858.3,30,April_2023,cortical,v5,baseline_feeding_schedule,0.5282013838281061,0.9644792968575193,-1.0802566254900055,0.7344172049821536,0.47756483186569576,0.6549257577328241,organoid
21047R-94-31,8858.3,30,April_2023,subpallial,v5,baseline_feeding_schedule,0.9318096490624227,0.39130700852182254,-0.0538680502395561,0.8245494087317574,0.8492296487839792,-0.3399965129751077,organoid
21047R-94-32,8858.3,30,April_2023,subpallial,v5,baseline_feeding_schedule,0.8846318487949284,0.3423095197033792,-0.1325698030249456,0.8211596381113062,0.8569688326833427,-0.30660324404729455,organoid
21047R-94-33,8858.3,30,April_2023,subpallial,v5,baseline_feeding_schedule,0.8839509136323866,0.3550329879547577,-0.12557931175326975,0.8299069570616177,0.830684431735931,-0.19572761196124766,organoid
21047R-94-34,C4.1,30,April_2023,subpallial,v5,baseline_feeding_schedule,0.6831895220604897,0.6272316069618805,-3.766239986209529,0.8491759974162049,0.6702666801742422,-2.2543760829453876,organoid
21047R-94-35,C4.1,30,April_2023,subpallial,v5,baseline_feeding_schedule,0.6824835039208341,0.6294048863761894,-3.780921063639764,0.8947422622592037,0.7117563166109111,-2.7756547121157364,organoid
21047R-94-36,C4.1,30,April_2023,subpallial,v5,baseline_feeding_schedule,0.6664386141897609,0.626597317500537,-2.880426059555859,0.8381032643861412,0.6634633649696808,-0.6705123319778739,organoid
21047R-94-40,C4.1,30,April_2023,cortical,v5,baseline_feeding_schedule,0.6869758283936247,0.6404601138252811,-6.749572574779376,0.7248535021256151,0.7239979671207313,-3.8701814281605547,organoid
21047R-94-41,C4.1,30,April_2023,cortical,v5,baseline_feeding_schedule,0.6978520803956079,0.6793024780546846,-4.53049607606756,0.9985066445546591,0.8348770020335047,-3.433679243248303,organoid
21047R-94-42,C4.1,30,April_2023,cortical,v5,baseline_feeding_schedule,0.705319866136883,0.6560659587140599,-6.8396925310565235,0.9373541820374884,0.7398866415510656,-5.684527881581341,organoid
21047R-94-49,8858.3,30,April_2023,spinal,v5,baseline_feeding_schedule,0.6815532566738958,0.6566204673713347,-0.9498127569590802,0.8062787393223582,0.7897045909459964,-1.805391356000833,organoid
21047R-94-50,8858.3,30,April_2023,spinal,v5,baseline_feeding_schedule,0.6839452996508397,0.6742164200797103,-1.2360365235753807,0.8635422847017376,0.7685767999803261,-1.6302121430954086,organoid
21047R-94-51,8858.3,30,April_2023,spinal,v5,baseline_feeding_schedule,0.6820395755642199,0.6796359216695262,-1.3819376284484943,0.8756426139532938,0.7206142229554591,-1.7861480402363803,organoid
21047R-94-01,8858.3,30,April_2023,cortical,v5,weekend_skipping,0.7368618323975296,0.9915116492604906,-0.8659082715322697,0.7942028444346245,0.7310272137442029,0.6053944654226208,organoid
21047R-94-02,8858.3,30,April_2023,cortical,v5,weekend_skipping,0.7573354844417384,0.721457361703004,-1.4787144949114173,0.8023191362751572,0.7274711180647625,0.46794260545569843,organoid
21047R-94-03,8858.3,30,April_2023,cortical,v5,weekend_skipping,0.7135272203173022,0.6315957696333498,-7.697891542259553,0.8013070483861533,0.2775475874327963,-2.689008506436746,organoid
21047R-94-04,C4.1,30,April_2023,subpallial,v5,weekend_skipping,0.7169363833505344,0.6159927958780849,-8.213527995752479,0.7673664767488562,0.2729225026807579,-3.429688902583808,organoid
21047R-94-05,C4.1,30,April_2023,subpallial,v5,weekend_skipping,0.7227011084373836,0.6373469280449731,-8.872354455286505,0.6675536487028215,0.3526492305604151,-2.6634103470023223,organoid
21047R-94-06,C4.1,30,April_2023,subpallial,v5,weekend_skipping,0.659369624202939,0.6002263293506327,-0.4549634103375826,0.7869027407594661,0.8058341605456634,-0.6616141406319298,organoid
21047R-94-07,C4.1,30,April_2023,cortical,v5,weekend_skipping,0.6604484891898929,0.6228812674755406,-0.2997005921864069,0.823912240238638,0.8048649336620362,-0.673626885971238,organoid
21047R-94-08,C4.1,30,April_2023,cortical,v5,weekend_skipping,0.6663902523440306,0.6161796275668572,-0.4160670516959384,0.884629317669936,0.7989990449001765,-0.6005181787655751,organoid
21047R-94-09,C4.1,30,April_2023,cortical,v5,weekend_skipping,0.6080190580147034,0.8905361702179144,-0.39458324284253643,0.8508621845235499,0.7828980882779082,0.23385171928920512,organoid
21047R-94-10,C4.1,30,April_2023,subpallial,v5,once_a_week,0.5825473226642224,0.8951556474809186,-0.4008606063000226,0.8443738521369013,0.7676729122358785,0.4246781794933979,organoid
21047R-94-11,C4.1,30,April_2023,subpallial,v5,once_a_week,0.5998534341065689,0.9132642170782804,-0.3267361161130262,0.861754228791237,0.7689388819687484,0.08696017113148657,organoid
21047R-94-12,C4.1,30,April_2023,subpallial,v5,once_a_week,0.9786666633976255,0.9734830367796079,-0.378215800231114,0.8007322110881776,0.7682515994153734,-0.17365071480187044,organoid
21047R-94-13,C4.1,30,April_2023,spinal,v5,weekend_skipping,0.9397290284447564,0.9817184207415859,-0.356588511957749,0.8072160123164664,0.7959005797125861,0.016926267276246687,organoid
21047R-94-14,C4.1,30,April_2023,spinal,v5,weekend_skipping,0.8951380863596526,0.9636726474685627,-0.6908151187888238,0.7893546921685444,0.8008978888102187,0.08538494652481743,organoid
21047R-94-15,C4.1,30,April_2023,spinal,v5,weekend_skipping,0.5316660901171549,0.9247613263620348,-1.0513394066124415,0.8181055273321989,0.6762166844497008,0.5583562823806734,organoid
21047R-94-19,8858.3,30,April_2023,spinal,v5,once_a_week,0.5185911472299585,0.8862904827159225,-1.1282836340003182,0.8073892694129524,0.6285401213645243,0.5066473440529552,organoid
21047R-94-20,8858.3,30,April_2023,spinal,v5,once_a_week,0.5371830096781158,0.8686096241078817,-1.1723376523914952,0.8004134666523357,0.674793888240482,0.49654236450266187,organoid
21047R-94-21,8858.3,30,April_2023,spinal,v5,once_a_week,0.5535626952433719,0.7378265406159062,-1.118735713271359,0.813452832271403,0.6189009858654392,0.9380116334206519,organoid
21047R-94-25,C4.1,30,April_2023,spinal,v5,once_a_week,0.5596515399235826,0.8066704001159664,-1.234190063583366,0.7959208043312462,0.5806167158757752,0.8130019466618394,organoid
21047R-94-26,C4.1,30,April_2023,spinal,v5,once_a_week,0.5901041554173404,0.8020704543684973,-1.056250329446737,0.7804516854441235,0.5278436001093305,0.8164257887932171,organoid
21047R-94-27,C4.1,30,April_2023,spinal,v5,once_a_week,0.6956374882083551,0.9849897722381774,-0.11799487022462785,0.8406391316741809,0.8048797239161803,-0.271146928827368,organoid
21047R-94-28,8858.3,30,April_2023,spinal,v5,weekend_skipping,0.6709707873549967,0.9019850860346019,-0.11376208373899388,0.857962793877295,0.7747537763772171,0.1473243674979362,organoid
21047R-94-29,8858.3,30,April_2023,spinal,v5,weekend_skipping,0.6417167342918492,0.9786441319196539,-0.035346989383483685,0.8600242996733466,0.8300388886437949,0.12388100485589937,organoid
21047R-94-30,8858.3,30,April_2023,spinal,v5,weekend_skipping,0.6370709936448424,0.9430346650482893,-0.34149002238312276,0.8368912729750417,0.7254356908560605,0.8071167245873103,organoid
21047R-94-37,C4.1,30,April_2023,cortical,v5,once_a_week,0.7009320687555325,0.8937965674198004,-0.5418224513485377,0.8016120582865571,0.7869295857587769,0.6353492221552379,organoid
21047R-94-38,C4.1,30,April_2023,cortical,v5,once_a_week,0.6264870398149438,0.9188973201684832,-0.34791899224046086,0.8266507220571535,0.784661553681762,0.7348203604838278,organoid
21047R-94-39,C4.1,30,April_2023,cortical,v5,once_a_week,0.687493883715077,0.6436205393432803,-0.3316972597285601,0.9190000523889502,0.9492273918546671,-2.3730432405046167,organoid
21047R-94-43,8858.3,30,April_2023,subpallial,v5,once_a_week,0.6889283794703696,0.6578824828207548,-0.07780188293182189,0.9329119595817121,0.9539171087020852,-2.5504541838666395,organoid
21047R-94-44,8858.3,30,April_2023,subpallial,v5,once_a_week,0.6972161635618435,0.643625815999309,-1.7597618470041914,0.9494527789334133,0.9411842282810761,-3.8397246255422113,organoid
21047R-94-45,8858.3,30,April_2023,subpallial,v5,once_a_week,0.6799385094799302,0.9134253369247387,-0.49243770216722216,0.8326423144840139,0.7761885992564963,0.0053248817532876025,organoid
21047R-94-46,8858.3,30,April_2023,cortical,v5,once_a_week,0.6670639580017205,0.8558851769100331,-0.6312778172145819,0.8329643617520686,0.7996060192411529,0.08792204070384702,organoid
21047R-94-47,8858.3,30,April_2023,cortical,v5,once_a_week,0.7528931711744035,0.9121968013472517,-0.6161399849746965,0.8385747167793635,0.7829840787936989,-0.26044641222328613,organoid
21047R-94-48,8858.3,30,April_2023,cortical,v5,once_a_week,0.46330442926701554,0.8484807205716085,-0.747606214579503,0.9097452925425418,0.5228099078762204,0.6864465636460407,organoid
21047R-94-52,8858.3,30,April_2023,subpallial,v5,weekend_skipping,0.4653577781495183,0.9744160745329565,-0.609707811240451,0.9040540521606593,0.5096615176474597,0.9068489327940817,organoid
21047R-94-53,8858.3,30,April_2023,subpallial,v5,weekend_skipping,0.4465104066851975,0.9371066840432296,-0.5331769388801315,0.9074004721658789,0.5635809172283484,0.8825388139597662,organoid
21047R-94-54,8858.3,30,April_2023,subpallial,v5,weekend_skipping,0.41824567684738967,0.5752650217695892,-2.353746287211356,0.863936054974699,0.6793152869249395,0.13061477296970292,organoid
24049FL-01-01-01,8858,30,November 2023,cortical,v14,xg_orb_c5,0.49040847625990314,0.3286195458019594,-2.164091557802844,0.8504250101032295,0.7472251165553816,-0.47840529902106477,organoid
24049FL-01-02-01,8858,30,November 2023,cortical,v14,xg_orb_c5,0.5349162039854276,0.1678591289437068,-2.1464232158734666,0.8527435386664783,0.7465076823546354,-0.3847310920339828,organoid
24049FL-01-03-01,8858,30,November 2023,cortical,v14,xg_orb_c5,0.5100853837048753,0.8222711714791371,-0.7768520456664081,0.900139937420325,0.8183276773478387,0.8682623945031749,organoid
24049FL-01-04-01,8858,30,November 2023,cortical,v14,xg_orb_c4,0.5608730457861401,0.7422952099009102,-0.6598930854806049,0.9308415067838557,0.7604846441922322,0.8592781155690863,organoid
24049FL-01-05-01,8858,30,November 2023,cortical,v14,xg_orb_c4,0.5262272139776519,0.9653280379100847,-0.503777632378603,0.8776549433641365,0.8439710438307482,0.9624438719067917,organoid
24049FL-01-06-01,8858,30,November 2023,cortical,v14,xg_orb_c4,0.5760629532426145,0.796602058264646,-0.6140135268812463,0.906778067621949,0.7126387236738192,0.7893857510095685,organoid
24049FL-01-07-01,C4.1,30,November 2023,cortical,v14,xg_orb_c1,0.5449773936482638,0.6980324903675595,-0.6867616449706795,0.8754541611145221,0.7634232705743879,0.914156120242795,organoid
24049FL-01-08-01,C4.1,30,November 2023,cortical,v14,xg_orb_c1,0.5667235022975845,0.7295995728423397,-0.7702992483602218,0.9113709079014102,0.7173716734669078,0.7333556950697804,organoid
24049FL-01-09-01,C4.1,30,November 2023,cortical,v14,xg_orb_c1,0.4193979233192441,0.6846038148160414,-0.5868487580340926,0.8726600721347381,0.70233432141015,0.7660245212757735,organoid
24049FL-01-10-01,C4.1,30,November 2023,cortical,v14,xg_orb_c5,0.6023374556305177,0.7581858433486266,-1.54164852734083,0.925899867749034,0.7969880503106044,0.5149189559399564,organoid
24049FL-01-11-01,C4.1,30,November 2023,cortical,v14,xg_orb_c5,0.6101175169143346,0.8445691461682737,-1.3096861899395895,0.9192941511518388,0.782173217486269,0.5219452926277456,organoid
24049FL-01-12-01,C4.1,30,November 2023,cortical,v14,xg_orb_c5,0.663738684805564,0.9800437904005953,-1.1345080292116028,0.9491468772435326,0.7886880249122719,0.4244022661755903,organoid
24049FL-01-13-01,C4.1,30,November 2023,cortical,v14,xg_orb_c4,0.6098959879653225,0.7652180604424367,-1.480199250718849,0.9015414081669278,0.8016342612046033,0.2660980674774108,organoid
24049FL-01-14-01,C4.1,30,November 2023,cortical,v14,xg_orb_c4,0.6322406845280479,0.724969358573587,-1.1953626230823775,0.8874119746476797,0.8652257047282872,0.28391840309394045,organoid
24049FL-01-15-01,C4.1,30,November 2023,cortical,v14,xg_orb_c4,0.4851827810681968,0.9013576283349154,-0.38827361205753474,0.9751622662955963,0.6031182057416444,-0.1770068862950216,organoid
24049FL-01-16-01,C4.1,30,November 2023,cortical,v14,xg_orb_c3,0.327918789349119,0.9623701169871189,-0.45043711557954924,0.9881876529072823,0.5134487367951461,-0.976955050990699,organoid
24049FL-01-17-01,C4.1,30,November 2023,cortical,v14,xg_orb_c3,0.7263745345150068,0.9342903461065637,-0.499892195236989,0.6148673689552637,0.7369241294233142,0.17274263381806587,organoid
24049FL-01-18-01,C4.1,30,November 2023,cortical,v14,xg_orb_c3,0.5760455221971628,0.5189280377043564,-0.8565950420272221,0.717250949489006,0.818755695994192,0.7245984670045356,organoid
24049FL-01-19-01,C4.1,30,November 2023,cortical,v14,xg_orb_c2,0.7637806540063423,0.7312070495748058,-1.0160142902425418,0.7692243388952171,0.8553853275360093,0.7134412159918972,organoid
24049FL-01-20-01,C4.1,30,November 2023,cortical,v14,xg_orb_c2,0.7842119193430197,0.8436209393232651,-0.9835828876490684,0.7383349398272739,0.8923026047567091,0.6537822356102254,organoid
24049FL-01-21-01,C4.1,30,November 2023,cortical,v14,xg_orb_c2,0.6115373966927079,0.6917300071860348,-1.32090596723274,0.8441384463228115,0.8042983173398544,0.4794725591339398,organoid
24049FL-01-22-01,C4.1,30,November 2023,spinal,v14,xg_orb_c1,0.7289304787103947,0.8632405233510824,-1.571861389406564,0.8602757169847408,0.8299853072668769,0.5117539890454529,organoid
24049FL-01-23-01,C4.1,30,November 2023,spinal,v14,xg_orb_c1,0.6477941007407635,0.7602681652861293,-1.514802483465822,0.8467407276300901,0.80006084590685,0.4198026770767814,organoid
24049FL-01-24-01,C4.1,30,November 2023,spinal,v14,xg_orb_c1,0.6687205503783051,0.5896607345029867,-5.045707051940545,0.7278020482593434,0.8971625846489979,-3.131922424219468,organoid
24049FL-01-25-01,C4.1,30,November 2023,spinal,v14,xg_orb_c2,0.6640142382349338,0.5665862264152062,-6.834383056557651,0.6006039154260098,0.8913452659623202,-5.215010389343484,organoid
24049FL-01-26-01,C4.1,30,November 2023,spinal,v14,xg_orb_c2,0.6707467066710504,0.578923829044123,-6.603101693693859,0.553582283578314,0.925388866314547,-7.120273394031898,organoid
24049FL-01-27-01,C4.1,30,November 2023,spinal,v14,xg_orb_c2,0.6680827823455651,0.5949642020474006,-6.858181880545714,0.5762250069388337,0.8903380503097298,-6.8816325066705195,organoid
24049FL-01-28-01,C4.1,30,November 2023,spinal,v14,xg_orb_c3,0.6718573425271518,0.5694053035562174,-8.689711152955278,0.30808437356100316,0.927332182221688,-8.281011235296706,organoid
24049FL-01-29-01,C4.1,30,November 2023,spinal,v14,xg_orb_c3,0.6741224210702332,0.5822063923563552,-8.975336559817185,0.3856017409566206,0.9036996817043901,-8.908021708720684,organoid
24049FL-01-30-01,C4.1,30,November 2023,spinal,v14,xg_orb_c3,0.6463357130629828,0.5479594005211623,-6.118184860365758,0.6748048601434133,0.9190569931973,-3.0125054310275834,organoid
24049FL-01-31-01,C4.1,30,November 2023,spinal,v14,xg_orb_c4,0.6705922961701751,0.563604219999225,-7.874404370464154,0.6516772752850633,0.9400717795526712,-4.07642431418878,organoid
24049FL-01-32-01,C4.1,30,November 2023,spinal,v14,xg_orb_c4,0.6663712775522799,0.5498557229981604,-6.898834542817092,0.6459315699363204,0.9132443981127787,-6.067019200341554,organoid
24049FL-01-33-01,C4.1,30,November 2023,spinal,v14,xg_orb_c4,0.6639849131047013,0.6698691108714832,-2.808011511629768,0.17152282162353316,0.9844472243013049,-1.1318231225467903,organoid
24049FL-01-34-01,C4.1,30,November 2023,spinal,v14,xg_orb_c5,0.6756437869021792,0.6268236375885505,-3.1419866783457007,0.6856029007953822,0.9798231168164154,-1.0663485513029238,organoid
24049FL-01-35-01,C4.1,30,November 2023,spinal,v14,xg_orb_c5,0.6787312501655032,0.660501528748243,-2.5125497367966436,0.7043305104328647,0.9895970149488665,-1.1138405729868839,organoid
24049FL-01-36-01,C4.1,30,November 2023,spinal,v14,xg_orb_c5,0.6461817180646063,0.5550178845635876,-2.88516894212045,0.8634668045511118,0.9118402190158392,-1.8806252324782537,organoid
24049FL-01-37-01,C4.1,30,November 2023,subpallial,v14,xg_orb_c1,0.6557542870759643,0.5527575367469861,-3.5460869968940667,0.9019465062044502,0.9351182373520364,-2.5282509472035124,organoid
24049FL-01-38-01,C4.1,30,November 2023,subpallial,v14,xg_orb_c1,0.633894025337659,0.5512171282892913,-2.7023009900864476,0.907295695430699,0.936573824646605,-0.7938454954061851,organoid
24049FL-01-39-01,C4.1,30,November 2023,subpallial,v14,xg_orb_c1,0.9113715184356582,0.7900558894851978,-0.48773523369091376,0.866386465060323,0.8109114937510848,0.6281780914058189,organoid
24049FL-01-40-01,C4.1,30,November 2023,subpallial,v14,xg_orb_c2,0.7985694681481319,0.8190871554456841,-0.3565269358720089,0.8733183056749976,0.8320978857513589,0.679397326261437,organoid
24049FL-01-41-01,C4.1,30,November 2023,subpallial,v14,xg_orb_c2,0.808979915033074,0.8016969652084047,-0.3941094949301369,0.870155835972168,0.8602087694477957,0.6762367041808901,organoid
24049FL-01-42-01,C4.1,30,November 2023,subpallial,v14,xg_orb_c2,0.9830928567900831,0.8109760777300457,-0.22400925063786503,0.899095170022781,0.8672941505442486,0.661522770164819,organoid
24049FL-01-43-01,C4.1,30,November 2023,subpallial,v14,xg_orb_c3,0.8915666254206138,0.86133374551635,-0.23885169562965047,0.8601342631283184,0.8341356520420826,0.7100060121203875,organoid
24049FL-01-44-01,C4.1,30,November 2023,subpallial,v14,xg_orb_c3,0.9756191787407886,0.8487366573441839,-0.2936069925861484,0.9072485967619138,0.8132952885792049,0.5945074009770939,organoid
24049FL-01-45-01,C4.1,30,November 2023,subpallial,v14,xg_orb_c3,0.8494786730444821,0.8316803956152539,-0.44238974122920727,0.8621246482659772,0.8020176034510307,0.607547933909189,organoid
24049FL-01-46-01,C4.1,30,November 2023,subpallial,v14,xg_orb_c4,0.8743029656895471,0.869078062178545,-0.6586774386107317,0.8589799701117778,0.7869848747624417,0.5829771385741302,organoid
24049FL-01-47-01,C4.1,30,November 2023,subpallial,v14,xg_orb_c4,0.8568928792747,0.796776420505972,-0.3433280624117889,0.7677285837042231,0.8181098261306674,0.822124916980655,organoid
24049FL-01-48-01,C4.1,30,November 2023,subpallial,v14,xg_orb_c4,0.7497612913376527,0.9503603333851106,-1.0513121511936827,0.8961489522750109,0.6887226049269022,0.8325687428289908,organoid
24049FL-01-49-01,C4.1,30,November 2023,subpallial,v14,xg_orb_c5,0.7611333621625341,0.9853782843909649,-1.0468645533077687,0.9158526674208669,0.7023928565471931,0.7476305197143003,organoid
24049FL-01-50-01,C4.1,30,November 2023,subpallial,v14,xg_orb_c5,0.8248654225658815,0.9821091571604406,-0.9044447558672322,0.9442134447055732,0.7089936139637137,0.6748732689697666,organoid
24049FL-01-51-01,C4.1,30,November 2023,subpallial,v14,xg_orb_c5,0.9203845368684044,0.9000358723534292,-0.2740866543425591,0.8758197517035479,0.8066515412934112,0.5854057375953414,organoid
24049FL-01-52-01,0524-1,30,December 2023,cortical,v13,baseline_feeding_schedule,0.9645969455068277,0.8770285641234717,-0.18647274229801614,0.8296363425413095,0.843976507978669,0.6926604331563733,organoid
24049FL-01-53-01,0524-1,30,December 2023,cortical,v13,baseline_feeding_schedule,0.9037735549892807,0.821631000813297,-0.3213521315899397,0.848514021532887,0.8290749180815571,0.6157325963941684,organoid
24049FL-01-54-01,0524-1,30,December 2023,cortical,v13,baseline_feeding_schedule,0.729020364899077,0.934899334657078,-1.3636474342864795,0.863040146520129,0.7829275174527452,0.1497880989305772,organoid
24049FL-01-55-01,0524-1,30,December 2023,subpallial,v13,baseline_feeding_schedule,0.6511183356337946,0.8627097906828417,-1.1355292011338918,0.85964024179087,0.804872527879687,0.2122493157468348,organoid
24049FL-01-56-01,0524-1,30,December 2023,subpallial,v13,baseline_feeding_schedule,0.6820609967911448,0.8096386250542605,-1.2931111178924635,0.8601344004121254,0.8000274773795646,0.09805441455255881,organoid
24049FL-01-57-01,0524-1,30,December 2023,subpallial,v13,baseline_feeding_schedule,0.8812829199134848,0.9032680622237359,-0.4003117959604052,0.8857859221797875,0.6352839949967926,0.2751515509615854,organoid
24049FL-01-58-01,0524-1,30,December 2023,spinal,v13,baseline_feeding_schedule,0.8369775180426657,0.9108657689092596,-0.3989050625506825,0.8730662485799175,0.6099967530799821,0.3479844398334373,organoid
24049FL-01-59-01,0524-1,30,December 2023,spinal,v13,baseline_feeding_schedule,0.8479355746280336,0.8947756577744749,-0.49851958237522376,0.8784414576525289,0.6713480805554854,0.34339895420646205,organoid
24049FL-01-60-01,0524-1,30,December 2023,spinal,v13,baseline_feeding_schedule,0.6585635186642314,0.6085917335003064,-3.233862265466943,0.8099077762733746,0.8425504948213292,-1.3485117505636515,organoid
21047R-152-01,C4.1,29,February 2023,cortical,v15,baseline_feeding_schedule,0.6804796771166055,0.6187400078910709,-4.769513541428021,0.8257635479622314,0.8942660236190143,-1.6643822176803145,organoid
21047R-152-02,C4.1,29,February 2023,cortical,v15,baseline_feeding_schedule,0.6776309575601709,0.640032379216452,-4.298571418108112,0.702671135189472,0.8729119773326557,-2.330672216126152,organoid
24049FL-03-01-01,8858.3,30,April 2024,cortical,V18,baseline_feeding_schedule,0.5876990980910282,0.9865604225580692,-1.7792037576567639,0.8656841049350941,0.5662329206949794,-0.39548436500071715,organoid
24049FL-03-01-02,8858.3,30,April 2024,cortical,V18,baseline_feeding_schedule,0.46583419403354853,0.5748090343525079,-1.9192724211360153,0.8752600880075476,0.7479263899916813,-0.638589828705322,organoid
24049FL-03-02-01,C4.1,30,April 2024,cortical,V18,baseline_feeding_schedule,0.4456599557854871,0.6367428553703516,-1.9246951301997899,0.8704763176054493,0.7433493382041021,-0.5634350197137143,organoid
24049FL-03-02-02,C4.1,30,April 2024,cortical,V18,baseline_feeding_schedule,0.4240152692119167,0.6780792449661976,-1.9201850160923235,0.8904489421964689,0.7239086915047812,-0.6315843513253414,organoid
24049FL-03-02-03,C4.1,30,April 2024,cortical,V18,baseline_feeding_schedule,0.4568364503744715,0.9513141639090827,-0.6259734226631393,0.9564990640445687,0.6433723166726711,0.25974092319362707,organoid
24049FL-03-03-01,C4.1,30,April 2024,subpallial,V18,baseline_feeding_schedule,0.5042525765989339,0.9648020382363903,-0.5896520848174904,0.9287084769688233,0.6780794808214844,0.18710355168162052,organoid
24049FL-03-04-01,8858.3,30,April 2024,subpallial,V18,baseline_feeding_schedule,0.3760775903037059,0.9219645671133319,-0.790663486034465,0.9628385027249284,0.640248371555501,-1.392675855602489,organoid
24049FL-03-04-02,8858.3,30,April 2024,subpallial,V18,baseline_feeding_schedule,0.25683094179060806,0.8455903782171518,-0.3060071966905151,0.8621795121305602,0.5940852483277863,0.0016230421318623733,organoid
24049FL-03-04-03,8858.3,30,April 2024,subpallial,V18,baseline_feeding_schedule,0.40517758418043914,0.9794872962523044,-0.6390098055829612,0.9209958176243541,0.6514074792632856,-0.6035241918593743,organoid
24049FL-03-05-01,C4.1,30,April 2024,subpallial,V18,baseline_feeding_schedule,0.6384021452919713,0.9684611384304941,-1.795403210144511,0.8964070507921027,0.6247085250499673,-0.9081077853489947,organoid
24049FL-03-05-02,C4.1,30,April 2024,subpallial,V18,baseline_feeding_schedule,0.6210720514460268,0.9619699341424226,-1.8219900793020516,0.9016420994241525,0.5811386797081355,-0.9045059056920421,organoid
24049FL-03-06-01,C4.1,30,April 2024,spinal,V18,baseline_feeding_schedule,0.6505988460928238,0.6482089263130237,-5.30847964172007,-0.3448610616208898,0.5664177425561672,-8.100491139269968,organoid
24049FL-03-06-02,C4.1,30,April 2024,spinal,V18,baseline_feeding_schedule,0.6823702523480608,0.6181180419647982,-7.9671234442858125,0.25897817881212115,0.5625073115697006,-9.043140920278576,organoid
24049FL-03-06-03,C4.1,30,April 2024,spinal,V18,baseline_feeding_schedule,0.6785691147216967,0.5938567376268054,-7.93563286627878,0.23000060918437393,0.4964852142734255,-11.620970222614872,organoid
24049FL-03-07-01,8858.3,30,April 2024,spinal,V18,baseline_feeding_schedule,0.6413949117597011,0.6867091750322389,-4.175341595499397,0.9434037695846615,0.6541290648884144,-5.790773743984185,organoid
24049FL-03-07-02,8858.3,30,April 2024,spinal,V18,baseline_feeding_schedule,0.6263242076192941,0.6978677906227309,-3.0780658723525427,0.9908290616431786,0.5289601045003998,-3.846277163007075,organoid
24049FL-03-07-03,8858.3,30,April 2024,spinal,V18,baseline_feeding_schedule,0.6405660793209356,0.6804248231661705,-2.6300304441382405,0.9254074692672212,0.6462795340544814,-5.380901667868018,organoid
24049FL-03-08-01,8858.3,30,March 2024,cortical,V17,baseline_feeding_schedule,0.48493161366793425,0.6600391037748351,-0.45909226529741676,0.9206301129783466,0.3627346470220266,0.5861254785669818,organoid
24049FL-03-08-02,8858.3,30,March 2024,cortical,V17,baseline_feeding_schedule,0.48662346955539115,0.9661270524379272,-0.3894146010773982,0.9227041447579098,0.3256388570993045,0.6747879881765368,organoid
24049FL-03-08-03,8858.3,30,March 2024,cortical,V17,baseline_feeding_schedule,0.5138951168149583,0.8992588394317803,-0.28253142674320153,0.9189460120209211,0.4213176739512634,0.6462899592685111,organoid
24049FL-03-09-01,0524.1,30,March 2024,cortical,V17,baseline_feeding_schedule,0.324627230376914,0.9837246571202155,-0.9379488839815933,0.8915997225218776,0.6166816465128175,-0.05889192170496749,organoid
24049FL-03-09-02,0524.1,30,March 2024,cortical,V17,baseline_feeding_schedule,0.3472849259254077,0.981498049026361,-1.06730952392199,0.9322026903230499,0.6191220451814661,-0.22992811875433938,organoid
24049FL-03-09-03,0524.1,30,March 2024,cortical,V17,baseline_feeding_schedule,0.19030993704445232,0.9730336002031225,-0.3252539493324291,0.8211779278424729,0.601107441575709,-0.24016125327485338,organoid
24049FL-03-10-01,0524.1,30,March 2024,subpallial,V17,baseline_feeding_schedule,0.5368592236792367,0.6097502240430771,-0.8734630613836936,0.8346761517380304,0.822386541970293,-1.2759529487080434,organoid
24049FL-03-10-02,0524.1,30,March 2024,subpallial,V17,baseline_feeding_schedule,0.587849791368956,0.8157903829810396,-0.757861994403721,0.8359585796471285,0.7828587379844069,-0.7963664155250092,organoid
24049FL-03-10-03,0524.1,30,March 2024,subpallial,V17,baseline_feeding_schedule,0.5366444853989012,0.8601816738153006,-0.5983169759229738,0.8248295830833883,0.8090137737733332,-0.6904012446287622,organoid
24049FL-03-11-01,0524.1,30,March 2024,spinal,V17,baseline_feeding_schedule,0.69784270192837,0.6321877182283453,-9.566520931344664,0.16946423633202345,0.8854399637479892,-6.9377052150609275,organoid
24049FL-03-11-02,0524.1,30,March 2024,spinal,V17,baseline_feeding_schedule,0.7039239718817321,0.6035842716156913,-8.559372574716951,0.5139014616109496,0.8897417597153725,-5.511695531424676,organoid
24049FL-03-11-03,0524.1,30,March 2024,spinal,V17,baseline_feeding_schedule,0.6985261441789893,0.5894081021624558,-6.597628324018681,0.7836586915367418,0.7770559828305696,-5.891664017251982,organoid
24049FL-03-12-01,8858.3,30,March 2024,subpallial,V17,baseline_feeding_schedule,0.2853866785956365,0.7554834082969677,-0.6218322947321031,0.9306230282812187,0.6494979284597917,-1.0665701100983425,organoid
24049FL-03-12-02,8858.3,30,March 2024,subpallial,V17,baseline_feeding_schedule,0.3443177604430586,0.9652813620315613,-0.48255332561728936,0.936249622347987,0.6234840012195759,-1.2504259277091205,organoid
24049FL-03-12-03,8858.3,30,March 2024,subpallial,V17,baseline_feeding_schedule,0.29964208578233875,0.9863073015252314,-0.7112894618978294,0.9409838915670344,0.652361166969998,-0.5768388854209692,organoid
24049FL-03-13-01,8858.3,30,March 2024,spinal,V17,baseline_feeding_schedule,0.6648635659311095,0.7961881960582295,-2.7508719797779446,0.8745017199106652,0.4509863444355381,-2.470596319923431,organoid
24049FL-03-13-02,8858.3,30,March 2024,spinal,V17,baseline_feeding_schedule,0.6602013769836172,0.7659870286585927,-3.3773287875227895,0.978910932325296,0.5274135332872083,-3.6107315882356747,organoid
24049FL-03-13-03,8858.3,30,March 2024,spinal,V17,baseline_feeding_schedule,0.6549048166896109,0.8143515641272546,-4.1486935240538285,0.9133836440983468,0.4884586942015485,-3.5317231099729938,organoid
24049FL-03-14-01,C4.1,30,March 2024,cortical,V16,baseline_feeding_schedule,0.46587530357148654,0.381419753588374,-0.9062574552896969,0.859287672993679,0.7411290656426976,-0.786821572646158,organoid
24049FL-03-14-02,C4.1,30,March 2024,cortical,V16,baseline_feeding_schedule,0.48003290904848805,0.49370141969985515,-0.7600112747146124,0.8695734896399274,0.7150629507872049,-0.9234356207985976,organoid
24049FL-03-14-03,C4.1,30,March 2024,cortical,V16,baseline_feeding_schedule,0.5060563005457135,0.45575215103170186,-1.1345666685225417,0.8935815038059933,0.7074892000835871,-1.1372459614709327,organoid
24049FL-03-15-01,C4.1,30,March 2024,subpallial,V16,baseline_feeding_schedule,0.9940760790483881,0.7124296928039722,-1.0589718383151068,0.8918568555883853,0.6036144570806463,-1.2276339460445858,organoid
24049FL-03-15-02,C4.1,30,March 2024,subpallial,V16,baseline_feeding_schedule,0.9972962878355446,0.739839667115522,-1.0055584001080788,0.8845229003890751,0.5870426174588427,-1.1132452847972516,organoid
24049FL-03-15-03,C4.1,30,March 2024,subpallial,V16,baseline_feeding_schedule,0.8896953653414985,0.6283609051620695,-0.8701135311982002,0.8831444721667572,0.577445789213531,-1.2566878952406477,organoid
24049FL-03-16-01,C4.1,30,March 2024,spinal,V16,baseline_feeding_schedule,0.6558987726258438,0.5934638875256759,-3.169740640903541,0.962172930786677,0.489903617473869,-3.7604074493422273,organoid
24049FL-03-16-02,C4.1,30,March 2024,spinal,V16,baseline_feeding_schedule,0.6638123131540844,0.5699676319608358,-5.997619738127965,0.43812212754741187,0.45632467712757996,-6.676079334423118,organoid
24049FL-03-16-03,C4.1,30,March 2024,spinal,V16,baseline_feeding_schedule,0.6561352562847165,0.5822209293242833,-4.4281720371754245,0.8411466799729914,0.42975829095707363,-4.0550339232592405,organoid
24049FL-03-17-01,0524.1,30,March 2024,cortical,V16,baseline_feeding_schedule,0.49194687688300254,0.12050663834342856,-3.402148047831851,0.9318473928523643,0.6317084472474004,-0.614868938486588,organoid
24049FL-03-17-02,0524.1,30,March 2024,cortical,V16,baseline_feeding_schedule,0.5076025858666315,0.1262673927763689,-2.738339473860192,0.9185078311463694,0.6319931769797678,-0.7043662938366602,organoid
24049FL-03-17-03,0524.1,30,March 2024,cortical,V16,baseline_feeding_schedule,0.4925699395128157,0.2589031610608248,-2.4036340583747706,0.8895870730884353,0.6495659256678651,-0.35157327544402994,organoid
24049FL-03-18-01,0524.1,30,March 2024,subpallial,V16,baseline_feeding_schedule,0.4718535274030542,0.4691724494980256,-0.3858524201425779,0.9320241028835115,0.834010010383953,-0.3005566419039354,organoid
24049FL-03-18-02,0524.1,30,March 2024,subpallial,V16,baseline_feeding_schedule,0.4775355091062419,0.28414920007495836,-0.08588200204969487,0.9442721536467442,0.8094799129002532,-0.353097789675926,organoid
24049FL-03-19-01,0524.1,30,March 2024,spinal,V16,baseline_feeding_schedule,0.6494727348776742,0.7001910837721184,-2.670437954951592,0.9945878988462341,0.6238324495040153,-3.382900785655159,organoid
24049FL-03-19-02,0524.1,30,March 2024,spinal,V16,baseline_feeding_schedule,0.6491906470255937,0.7017544447363957,-2.1475369937360647,0.8957833805509616,0.6849860055275557,-3.4562938589221757,organoid
24049FL-03-19-03,0524.1,30,March 2024,spinal,V16,baseline_feeding_schedule,0.6371023125000463,0.8286988987983269,-1.891502302215724,0.9493869978565228,0.6885658967462935,-3.3176981825483782,organoid
24049FL-03-20-01,0524.1,30,March 2024,subpallial,V16,baseline_feeding_schedule,0.39799052853995687,0.5160258972086638,-0.4333511357026629,0.9557161946327604,0.7221300462865677,-0.9327359772922581,organoid
24049FL-03-21-01,0524.1,30,July 2024,spinal,V20,baseline_feeding_schedule,0.6595416817096544,0.6507358949160467,-4.064594273113137,0.8476980321684681,0.6355315520123501,-3.591657612199027,organoid
24049FL-03-21-02,0524.1,30,July 2024,spinal,V20,baseline_feeding_schedule,0.7403625789996184,0.5526514811763741,-1.522490502266066,0.727818512218805,0.9074157323554548,-0.5763613002118435,organoid
24049FL-03-21-03,0524.1,30,July 2024,spinal,V20,baseline_feeding_schedule,0.6576836353011459,0.6331111017088482,-4.878144477684187,0.7600215145349061,0.5921670095774472,-4.13631916430739,organoid
24049FL-03-22-01,0524.1,30,July 2024,subpallial,V20,baseline_feeding_schedule,0.6963930117646615,0.7634224181866075,0.022805110297474784,0.9302406797606655,0.9066641135328362,-0.2559927936460251,organoid
24049FL-03-22-02,0524.1,30,July 2024,subpallial,V20,baseline_feeding_schedule,0.5198998740793717,0.6697160614917973,0.22035161902020028,0.903464000018445,0.8879239864986721,0.1817401452678873,organoid
24049FL-03-22-03,0524.1,30,July 2024,subpallial,V20,baseline_feeding_schedule,0.60691982818675,0.653238090391277,0.07305680950293891,0.9387923705085824,0.9047958417070033,0.0351122308080809,organoid
24049FL-03-23-01,0524.1,30,July 2024,cortical,V20,baseline_feeding_schedule,0.6707987483257196,0.8824409154029501,-1.1054707838539262,0.9338516128379283,0.762522517518122,-0.7338025279388509,organoid
24049FL-03-23-02,0524.1,30,July 2024,cortical,V20,baseline_feeding_schedule,0.6648289034073849,0.7780011948809277,-1.348491652317363,0.9504407795016676,0.765420796541066,-1.156278482840964,organoid
24049FL-03-23-03,0524.1,30,July 2024,cortical,V20,baseline_feeding_schedule,0.4970609542687341,0.9872313631111662,-0.5812102777766164,0.9269827413005045,0.6867461933712429,-0.10064602106930987,organoid
24049FL-03-24-01,8858.3,30,July 2024,cortical,V20,baseline_feeding_schedule,0.47516082282213834,0.980957979973781,0.05384675816338247,0.941727364168923,0.5937017746423618,0.24658992796261414,organoid
24049FL-03-24-02,8858.3,30,July 2024,cortical,V20,baseline_feeding_schedule,0.5496096958118261,0.9749191579178625,-0.06004447973798621,0.9549309122350458,0.6344396890686961,0.22291903770070987,organoid
24049FL-03-24-03,8858.3,30,July 2024,cortical,V20,baseline_feeding_schedule,0.4147698696279467,0.5810782537600201,0.20596984971712795,0.9151786101804279,0.5231657580688984,0.3745002637232302,organoid
24049FL-03-25-01,8858.3,30,July 2024,subpallial,V20,baseline_feeding_schedule,0.5120004035308419,0.8503727512632451,-0.48385445742440014,0.9339822769405729,0.6798516105893002,-0.9236763602502964,organoid
24049FL-03-25-02,8858.3,30,July 2024,subpallial,V20,baseline_feeding_schedule,0.4994752556633264,0.9015879386983391,-0.5130140018164475,0.9463262004665135,0.6251895558841292,-1.0749348392566724,organoid
24049FL-03-25-03,8858.3,30,July 2024,subpallial,V20,baseline_feeding_schedule,0.5065296248973978,0.8860141548057481,-0.6320372903185356,0.9455845741282889,0.6584555245929572,-1.137524548123309,organoid
24049FL-03-26-01,8858.3,30,July 2024,spinal,V20,baseline_feeding_schedule,0.6511269134506198,0.6697717968694479,-1.3689033726129818,0.9511913578063544,0.763079097658345,-5.063638605997498,organoid
24049FL-03-26-02,8858.3,30,July 2024,spinal,V20,baseline_feeding_schedule,0.6465981465549216,0.7709140317913574,-2.8445339528765374,0.9704538948905169,0.6760222845989685,-4.280958633873407,organoid
24049FL-03-26-03,8858.3,30,July 2024,spinal,V20,baseline_feeding_schedule,0.6535595719627492,0.7518272247723348,-2.6928037783269785,0.9304998090870196,0.718172678032995,-3.762417206088382,organoid
24049FL-04-02-01,0524.1,30,June 2024,cortical,V19,baseline_feeding_schedule,0.41930810057295653,0.8950893437544967,0.0872435182676804,0.9325289847671709,0.769164571478429,-2.3805003351424916,organoid
24049FL-04-02-02,0524.1,30,June 2024,cortical,V19,baseline_feeding_schedule,0.3172201818998135,0.9078958070948795,0.05878387870993307,0.9130057520259833,0.7542382058841748,-1.4492914512632855,organoid
24049FL-04-02-03,0524.1,30,June 2024,cortical,V19,baseline_feeding_schedule,0.3702424609314181,0.8730310079559844,0.22751669119211693,0.8702159984963734,0.7928536445552584,-2.153204335047293,organoid
24049FL-04-03-01,0524.1,30,June 2024,subpallial,V19,baseline_feeding_schedule,0.6968965376692846,0.8221837596442262,-0.32573519837497455,0.8434009918733373,0.7043643278281788,-1.2008686890629474,organoid
24049FL-04-03-02,0524.1,30,June 2024,subpallial,V19,baseline_feeding_schedule,0.6800738438693934,0.8641366323812478,-0.29798676054852047,0.8564063572506114,0.6962873980885527,-0.9735839600949694,organoid
24049FL-04-03-03,0524.1,30,June 2024,subpallial,V19,baseline_feeding_schedule,0.6166314486953992,0.8558488738682817,-0.27870674196753065,0.8591312004181926,0.7023057607568538,-1.1652124929403298,organoid
24049FL-04-04-01,C4.1,30,August 2024,cortical,V21,baseline_feeding_schedule,0.3741081044172151,0.5732541767715866,-1.0269074784116876,0.9627046134624656,0.4091276067408097,-0.4658645892180562,organoid
24049FL-04-04-02,C4.1,30,August 2024,cortical,V21,baseline_feeding_schedule,0.3778111922549813,0.25842855298719847,-1.1937096685283421,0.9154099449999402,0.4925205926980909,-0.15472304850123808,organoid
24049FL-04-04-03,C4.1,30,August 2024,cortical,V21,baseline_feeding_schedule,0.4042984745549001,0.5400434329776027,-0.9968468235628585,0.9358325815214119,0.45114276358091887,0.21923238633102182,organoid
24049FL-04-05-01,C4.1,30,August 2024,subpallial,V21,baseline_feeding_schedule,0.5745096818671984,0.6125805152473793,-0.32117223472704914,0.9732273573486767,0.7415967112390813,-0.22098177036938682,organoid
24049FL-04-05-02,C4.1,30,August 2024,subpallial,V21,baseline_feeding_schedule,0.5364094056127979,0.6776237735422251,-0.4079590923725007,0.9353017433868684,0.7129989785811474,-0.12634215228301238,organoid
24049FL-04-05-03,C4.1,30,August 2024,subpallial,V21,baseline_feeding_schedule,0.5875538502099371,0.6019651516118174,-0.5005090160767012,0.9875125148608485,0.7530196317439802,-0.2870179208291346,organoid
24049FL-04-06-01,C4.1,30,August 2024,spinal,V21,baseline_feeding_schedule,0.6712678480665323,0.5426052644038017,-12.735325216893278,0.17909709938676865,0.8563375405848538,-6.444673560802275,organoid
24049FL-04-06-02,C4.1,30,August 2024,spinal,V21,baseline_feeding_schedule,0.6662800946419187,0.5570102014814978,-6.66909106902755,0.09809092562507915,0.8409330206032406,-6.34139450198673,organoid
24049FL-04-06-03,C4.1,30,August 2024,spinal,V21,baseline_feeding_schedule,0.666847852872485,0.5554094347013734,-6.290669623062077,0.6583263562072349,0.8264200133751525,-4.626328294507621,organoid
24049FL-04-07-01,8858.3,30,August 2024,cortical,V21,baseline_feeding_schedule,0.3639045185119818,0.5640559286064675,-0.22893107770357934,0.9368882715089777,0.6109202478727354,-0.3560667644001647,organoid
24049FL-04-07-02,8858.3,30,August 2024,cortical,V21,baseline_feeding_schedule,0.27280257686173304,0.659643320243259,0.14356635541461815,0.8895553231831255,0.5925693416007527,0.1513424540018371,organoid
24049FL-04-07-03,8858.3,30,August 2024,cortical,V21,baseline_feeding_schedule,0.3709927365770449,0.6771874770395696,-0.1731998539338011,0.9377153770800551,0.6127782601149949,-0.32984124597125786,organoid
24049FL-04-08-01,8858.3,30,August 2024,subpallial,V21,baseline_feeding_schedule,0.4294148322282326,0.7075115265853233,-0.2795601680203621,0.9079210482923948,0.6692860947669723,-1.0587690889153953,organoid
24049FL-04-08-02,8858.3,30,August 2024,subpallial,V21,baseline_feeding_schedule,0.3829622319383248,0.9512774391124212,-0.44833081603899827,0.9215342448117728,0.5936022330165164,-1.2342182829496324,organoid
24049FL-04-08-03,8858.3,30,August 2024,subpallial,V21,baseline_feeding_schedule,0.3697474999073703,0.6547674163883004,-0.22469637014880828,0.9255957448622125,0.6696399619821441,-0.9891056481764604,organoid
24049FL-04-09-01,8858.3,30,August 2024,spinal,V21,baseline_feeding_schedule,0.6453148411425298,0.73341631864211565,-2.210292173437067,0.9612173172220186,0.5206508494545121,-2.570495525743816,organoid
24049FL-04-09-02,8858.3,30,August 2024,spinal,V21,baseline_feeding_schedule,0.648323060094355,0.7156589428926718,-2.7312326716260578,0.9887387063633573,0.467241302451348,-3.093495788038388,organoid
24049FL-04-09-03,8858.3,30,August 2024,spinal,V21,baseline_feeding_schedule,0.664112882657624,0.7288970471507499,-2.825195485317141,0.9853786593393805,0.49959303713414693,-2.798411604300072,organoid
24049FL-04-10-01,8858.3,N/A,N/A,ipsc,V23,ipsc_before_agg,0.5924877773040929,0.028362952522764773,-0.9825798472175857,0.9621343416012463,-1.1861080202667722,-2.288118748984944,organoid
24049FL-04-10-02,8858.3,N/A,N/A,ipsc,V23,ipsc_before_agg,0.6891542918746498,-0.02291277628793087,-1.015020165272055,0.9750294037807627,-0.9602379816784827,-1.615408499069984,organoid
24049FL-04-10-03,8858.3,N/A,N/A,ipsc,V23,ipsc_before_agg,0.8313591359093044,0.19869485732351377,-0.9987205368526493,0.973729694980504,-1.0047751264064257,-1.539760817971029,organoid
24049FL-04-11-01,C4.1,133,January 2024,spinal,V15,retirement,0.5583530509339532,0.5146476790766097,0.9407271011221783,0.43495396405677933,0.913478548626457,-1.340789980501432,organoid
24049FL-04-12-01,C4.1,N/A,N/A,ipsc,V23,ipsc_before_agg,0.8255938824001227,-4.681988234071643,-1.8028862271349175,0.9836812717992537,-1.3094916337698117,-1.9691192819368943,organoid
24049FL-04-12-02,C4.1,N/A,N/A,ipsc,V23,ipsc_before_agg,0.7141911807587082,-5.214603168988279,-1.6085704264933156,0.9796168207996856,-1.4667656354922585,-2.871422742556151,organoid
24049FL-04-13-01,8858.3,266,January 2024,cortical,V15,retirement,0.637272892420968,-0.18668183178562847,0.9842146960730015,0.3322274241675073,0.9607905769564784,-0.9728572388268526,organoid
24049FL-04-13-02,8858.3,266,January 2024,cortical,V15,retirement,0.6695613238463831,-0.03708933474046461,0.93487921390071,0.8820413862409432,0.9866788290467873,-0.4633090997250693,organoid
24049FL-04-13-03,8858.3,266,January 2024,cortical,V15,retirement,0.5765215438584683,-0.4503504168187791,0.9243537855463478,0.4588656041624515,0.9963084748327845,-0.38897877624550925,organoid
24049FL-04-14-01,8858.3,133,January 2024,subpallial,V15,retirement,-0.31434403834649727,0.7491528942028152,0.918124320672068,0.9755569525829676,0.9528753561863892,0.5252652750745057,organoid
24049FL-04-14-02,8858.3,133,January 2024,subpallial,V15,retirement,0.3226877997273263,0.8825773599820858,0.9560355390398856,0.9367449181610575,0.9355536810128968,0.6275723276609002,organoid
24049FL-04-14-03,8858.3,133,January 2024,subpallial,V15,retirement,0.08225740783093072,0.8716982469628034,0.989585983875365,0.9641836667185999,0.9267669065615503,0.14231193056071478,organoid
24049FL-04-15-01,8858.3,N/A,N/A,ipsc,V15,ipsc_before_agg,0.25811084697886,0.5819269845564556,-0.4448946768466111,0.9606904877193784,-1.0311711193757551,-0.8216745762610287,organoid
24049FL-04-16-01,C4.1,N/A,N/A,ipsc,V23,ipsc_before_agg,0.40505074385388495,-6.057792104231285,-1.6312785374866219,0.9965965067662269,-1.4200172669134457,-2.224138905033927,organoid
24049FL-04-17-01,8858.3,N/A,N/A,ipsc,V15,ipsc_before_agg,0.9665431397487384,-0.21408157407723705,-0.49264587005343197,0.9855164218714675,-1.424872120269563,-2.0328155159133017,organoid
24049FL-04-17-02,8858.3,N/A,N/A,ipsc,V15,ipsc_before_agg,0.7980141764958927,0.23517861172594645,-0.8972041098537094,0.9769584646169047,-0.9366421098992952,-0.9221417689600782,organoid
24049FL-04-18-01,C4.1,N/A,N/A,ipsc,V15,ipsc_before_agg,0.982914815790585,-0.37847605853122057,-0.8557525388074243,0.962984939951783,-0.8066520141856826,-1.9878451868758136,organoid
24049FL-04-18-02,C4.1,N/A,N/A,ipsc,V15,ipsc_before_agg,0.9811649239098006,-0.18281671667029187,-1.012838148702861,0.9790748229723641,-0.8576998054811344,-2.3500131062192304,organoid
24049FL-04-18-03,C4.1,N/A,N/A,ipsc,V15,ipsc_before_agg,0.8634616251331181,0.12437429254469656,-1.03559983710832,0.9971062331530646,-0.8967176882556196,-2.2751389952575707,organoid
24049FL-04-19-01,C4.1,266,January 2024,cortical,V15,retirement,0.6223186817918187,-0.8557805905839,0.9700153433438276,0.9563472532759799,0.9831993180773709,-0.1281005264941364,organoid
24049FL-04-19-02,C4.1,266,January 2024,cortical,V15,retirement,0.6644834543862769,-0.4896214203190996,0.9596578071679972,0.686974372391125,0.9815569114925293,-0.7494934451012476,organoid
24049FL-04-19-03,C4.1,266,January 2024,cortical,V15,retirement,0.6368558187755313,0.20767811890822807,0.9960332825151169,0.634066302499611,0.9722307806126751,-1.3534332516869143,organoid
24049FL-04-20-01,C4.1,160,January 2024,subpallial,V15,retirement,0.9071460914213859,0.3473648658637969,0.6808256692068172,-1.1234932222029888,0.8532513854517623,-1.6714205819395231,organoid
24049FL-04-20-02,C4.1,160,January 2024,subpallial,V15,retirement,0.9431002124520308,0.4450276359487171,0.5594183552766436,-2.7501383033191686,0.896237125006323,-1.8124380120306438,organoid
24049FL-04-20-03,C4.1,160,January 2024,subpallial,V15,retirement,0.906229171484167,0.5966529723471097,0.6401874975875802,-0.019414224763258492,0.9617509131956469,-0.572119115787904,organoid
24049FL-04-21-01,C4.1,133,January 2024,spinal,V15,retirement,0.513864864865111,-0.0032281305632719803,0.9700077660335515,-0.42238420555343525,0.9504271125754878,-0.8720787840595443,organoid
24049FL-04-21-02,C4.1,133,January 2024,spinal,V15,retirement,0.6071673294249844,0.5178929535773406,0.9215506422010807,-0.15836994762248446,0.8831444725976896,-2.263952674536569,organoid
H376.IIA.51_Ocx,H376.IIA.51,8 pcw,NA,occipital neocortex,NA,NA,0.8693374540092078,0.9694436916814325,0.9902563134400599,0.9869807283646568,0.9632086819413956,0.9860369270813348,fetal
H376.IIA.51_M1C-S1C,H376.IIA.51,8 pcw,NA,primary motor-sensory cortex (samples),NA,NA,0.6948683786932066,0.9725338465384173,0.8902114439878914,0.9835454294111762,0.9435617677704456,0.9511381061249004,fetal
H376.IIA.51_AMY,H376.IIA.51,8 pcw,NA,amygdaloid complex,NA,NA,0.9644310670326768,0.7995595380085436,0.8858877611593681,0.9695865405334572,0.9244554786566341,0.958579795250153,fetal
H376.IIA.51_MGE,H376.IIA.51,8 pcw,NA,medial ganglionic eminence,NA,NA,0.9468603010717033,0.7029607923358762,0.9018421186189653,0.9714561677072602,0.9484481777757836,0.8096774158308402,fetal
H376.IIA.51_STC,H376.IIA.51,8 pcw,NA,posterior (caudal) superior temporal cortex (area 22c),NA,NA,0.9651772342604306,0.9944707065344459,0.8905298738087818,0.9788243152431098,0.9906969525171526,0.9186528281215017,fetal
H376.IIA.51_URL,H376.IIA.51,8 pcw,NA,upper (rostral) rhombic lip,NA,NA,0.8896289515327825,0.9020542368311825,0.9188283380524505,0.9880464393550368,0.9811287945452407,0.9831928182050719,fetal
H376.IIA.51_CGE,H376.IIA.51,8 pcw,NA,caudal ganglionic eminence,NA,NA,0.8485526320777217,0.9685256512291733,0.8847742281756683,0.9869522447190869,0.9600170079849535,0.9787290703970685,fetal
H376.IIA.51_DTH,H376.IIA.51,8 pcw,NA,dorsal thalamus,NA,NA,0.9327012927984877,0.9646276194155777,0.8852158537824024,0.9909241743296336,0.9495094919979696,0.9630651745936781,fetal
H376.IIA.51_MFC,H376.IIA.51,8 pcw,NA,anterior (rostral) cingulate (medial prefrontal) cortex,NA,NA,0.9469080140953031,0.8894880024139312,0.9143534540469707,0.967576233626164,0.9435220110914762,0.9895941682777669,fetal
H376.IIA.51_DFC,H376.IIA.51,8 pcw,NA,dorsolateral prefrontal cortex,NA,NA,0.565420635632543,0.9960305579561047,0.9341642945786245,0.9817568516518635,0.9506215579822666,0.9556406910418841,fetal
H376.IIA.51_OFC,H376.IIA.51,8 pcw,NA,orbital frontal cortex,NA,NA,0.9560302826038705,0.8928666112618134,0.8191657822364855,0.9739054363144178,0.9540610147411295,0.9985875650512706,fetal
H376.IIA.51_LGE,H376.IIA.51,8 pcw,NA,lateral ganglionic eminence,NA,NA,0.9450132599023033,0.826972745459762,0.9154777278376214,0.9852441793789003,0.949796152377831,0.9599080304402726,fetal
H376.IIA.51_ITC,H376.IIA.51,8 pcw,NA,"inferolateral temporal cortex (area TEv, area 20)",NA,NA,0.9250797306374344,0.9322308994579842,0.9175216250775686,0.9901700585847639,0.9465412377460432,0.9559793928815025,fetal
H376.IIA.51_HIP,H376.IIA.51,8 pcw,NA,hippocampus (hippocampal formation),NA,NA,0.9669655635702659,0.9858194769562755,0.8744963360117272,0.9947574482986004,0.9538078826339638,0.9532071683356304,fetal
H376.IIA.51_VFC,H376.IIA.51,8 pcw,NA,ventrolateral prefrontal cortex,NA,NA,0.9882209156844454,0.9898232096982277,0.8933227237956274,0.9117249927733426,0.969145664859124,0.9201759355898066,fetal
H376.IIA.51_PCx,H376.IIA.51,8 pcw,NA,parietal neocortex,NA,NA,0.9549197077241179,0.973653079777406,0.8552065712628045,0.98093229480075,0.9298032504755387,0.9408215979137996,fetal
H376.IIB.52_AMY,H376.IIB.52,12 pcw,NA,amygdaloid complex,NA,NA,0.9965146176194861,0.9575196368675799,0.9846043998059655,0.7234579506030566,0.8523135230055907,0.856606045010669,fetal
H376.IIB.52_M1C,H376.IIB.52,12 pcw,NA,"primary motor cortex (area M1, area 4)",NA,NA,0.9038278753510337,0.9443925581720494,0.9545648848177944,0.9790762366552503,0.986991463614808,0.9755311810152125,fetal
H376.IIB.52_ITC,H376.IIB.52,12 pcw,NA,"inferolateral temporal cortex (area TEv, area 20)",NA,NA,0.9351346097233526,0.9236746547167998,0.9123790519126302,0.9936284050380705,0.9892774933031668,0.9682313589769043,fetal
H376.IIB.52_VFC,H376.IIB.52,12 pcw,NA,ventrolateral prefrontal cortex,NA,NA,0.967402855278767,0.9624086419177432,0.9544393358687195,0.9690094843711564,0.9695989281757865,0.9833206930115876,fetal
H376.IIB.52_STR,H376.IIB.52,12 pcw,NA,striatum,NA,NA,0.9990784363410462,0.9876847059416514,0.9283813688742375,0.970095350345403,0.9676914080552267,0.9260826793190899,fetal
H376.IIB.52_CBC,H376.IIB.52,12 pcw,NA,cerebellar cortex,NA,NA,0.9909536689510124,0.9799410191589321,0.9729351543071857,0.9945783677624632,0.9687476748514161,0.9128392887628732,fetal
H376.IIB.52_DTH,H376.IIB.52,12 pcw,NA,dorsal thalamus,NA,NA,0.9940143454034976,0.9619517280758216,0.9749600674492896,0.8531392621838347,0.9022127296828952,0.9914814371352445,fetal
H376.IIB.52_DFC,H376.IIB.52,12 pcw,NA,dorsolateral prefrontal cortex,NA,NA,0.9973494363051788,0.9341551926245945,0.9763228765520304,0.8270676974277105,0.9851129566355006,0.9645021045226343,fetal
H376.IIB.52_OFC,H376.IIB.52,12 pcw,NA,orbital frontal cortex,NA,NA,0.9714964415448138,0.9578458864267673,0.9680478638045439,0.976217532097429,0.9357732974006499,0.9824942759047015,fetal
H376.IIB.52_S1C,H376.IIB.52,12 pcw,NA,"primary somatosensory cortex (area S1, areas 3,1,2)",NA,NA,0.9626505657826064,0.9938432277008213,0.8816446551033994,0.9049275340298264,0.9229056279144747,0.9847465249799021,fetal
H376.IIB.52_V1C,H376.IIB.52,12 pcw,NA,"primary visual cortex (striate cortex, area V1/17)",NA,NA,0.9792310425501264,0.9446883923922555,0.9842875294673052,0.9562944259625049,0.9759107229066248,0.9774190774102746,fetal
H376.IIB.52_MFC,H376.IIB.52,12 pcw,NA,anterior (rostral) cingulate (medial prefrontal) cortex,NA,NA,0.9837014437594377,0.9437922050797662,0.9308212081880881,0.8663488158651433,0.9460546857325426,0.9870385875523933,fetal
H376.IIB.52_HIP,H376.IIB.52,12 pcw,NA,hippocampus (hippocampal formation),NA,NA,0.9497057828342306,0.9534986922220143,0.9443747935017525,0.967741083734287,0.944992194127454,0.9856014785896655,fetal
H376.IIB.52_IPC,H376.IIB.52,12 pcw,NA,posteroventral (inferior) parietal cortex,NA,NA,0.9182861500002149,0.9040303047014195,0.9916008271369107,0.9058286563139888,0.9170209580355296,0.9831908714896112,fetal
H376.IIB.52_A1C,H376.IIB.52,12 pcw,NA,primary auditory cortex (core),NA,NA,0.9967288495499066,0.9083292191626816,0.9541753469288728,0.9746390818059198,0.8942106134946908,0.9558214156426164,fetal
H376.IIIA.50_STR,H376.IIIA.50,13 pcw,NA,striatum,NA,NA,0.9900425940906631,0.9651364863425613,0.9650064849301083,0.9785430015746286,0.9474409985050408,0.9985860813074188,fetal
H376.IIIA.50_M1C,H376.IIIA.50,13 pcw,NA,"primary motor cortex (area M1, area 4)",NA,NA,0.9539144385549913,0.8625520186762273,0.9538093889437889,0.9959028630223443,0.9765274981990899,0.9625682012693293,fetal
H376.IIIA.50_AMY,H376.IIIA.50,13 pcw,NA,amygdaloid complex,NA,NA,0.9511221303057396,0.9879312279304102,0.9477058330079097,0.8014535238502104,0.9838962770958231,0.9872068362370954,fetal
H376.IIIA.50_S1C,H376.IIIA.50,13 pcw,NA,"primary somatosensory cortex (area S1, areas 3,1,2)",NA,NA,0.9991562190494387,0.928312474560747,0.9690565221030073,0.999927858454921,0.9620951834320078,0.9527238172270104,fetal
H376.IIIA.50_V1C,H376.IIIA.50,13 pcw,NA,"primary visual cortex (striate cortex, area V1/17)",NA,NA,0.9513307135113749,0.9748723748644228,0.9866085934385751,0.7066975569314994,0.9570954749550138,0.9256997729952202,fetal
H376.IIIA.50_A1C,H376.IIIA.50,13 pcw,NA,primary auditory cortex (core),NA,NA,0.9353620204304498,0.9103800354336602,0.9904926970941084,0.9501217614102043,0.9956560554043453,0.996011010709686,fetal
H376.IIIA.50_HIP,H376.IIIA.50,13 pcw,NA,hippocampus (hippocampal formation),NA,NA,0.9540055520788487,0.986141983921138,0.9897914475576004,0.6034144309190155,0.8693024379760328,0.9837184313027614,fetal
H376.IIIA.50_VFC,H376.IIIA.50,13 pcw,NA,ventrolateral prefrontal cortex,NA,NA,0.9536757128879795,0.9546186048417331,0.9336330658196007,0.9099194557180135,0.9943480325963455,0.9912992390035222,fetal
H376.IIIA.50_MFC,H376.IIIA.50,13 pcw,NA,anterior (rostral) cingulate (medial prefrontal) cortex,NA,NA,0.9780473467336253,0.9835138562307085,0.9796867241926897,0.9899327778006176,0.9574668493692244,0.983293670153471,fetal
H376.IIIA.50_STC,H376.IIIA.50,13 pcw,NA,posterior (caudal) superior temporal cortex (area 22c),NA,NA,0.9480212198589147,0.9918453146859383,0.9653028317330548,0.6152026813520695,0.8207923678360589,0.9908612025769261,fetal
H376.IIIA.50_OFC,H376.IIIA.50,13 pcw,NA,orbital frontal cortex,NA,NA,0.9499779853887835,0.9344356714617462,0.9906999210096651,0.888707372721082,0.9897644298545167,0.9360248306226376,fetal
H376.IIIA.50_IPC,H376.IIIA.50,13 pcw,NA,posteroventral (inferior) parietal cortex,NA,NA,0.9501325457484049,0.924887652574194,0.9591021210910444,0.9657333442256509,0.9636718669153272,0.9917957220569361,fetal
H376.IIIA.50_DFC,H376.IIIA.50,13 pcw,NA,dorsolateral prefrontal cortex,NA,NA,0.920069716039937,0.8478741997802608,0.9975902239548067,0.85989084038919406,0.8736753654535997,0.9655914950505935,fetal
H376.IIIA.50_ITC,H376.IIIA.50,13 pcw,NA,"inferolateral temporal cortex (area TEv, area 20)",NA,NA,0.939554931103985,0.9867373297913948,0.9524195590639866,0.6359501252497053,0.8802275577112848,0.9841634779116936,fetal
H376.IIIA.52_S1C,H376.IIIA.52,13 pcw,NA,"primary somatosensory cortex (area S1, areas 3,1,2)",NA,NA,0.9901638138439401,0.9626510622665272,0.9446626661506684,0.8783102728015237,0.8408498192667131,0.9215801651946065,fetal
H376.IIIA.52_DFC,H376.IIIA.52,13 pcw,NA,dorsolateral prefrontal cortex,NA,NA,0.8107981773500876,0.9482775222304674,0.931413746600596,0.9825291138726662,0.9926867573928303,0.9688989462888765,fetal
H376.IIIA.52_CB,H376.IIIA.52,13 pcw,NA,cerebellum,NA,NA,0.9940063476413226,0.9949183935881564,0.929666458444372,0.927736449525014,0.9382266372841059,0.9198161026968724,fetal
H376.IIIA.52_AMY,H376.IIIA.52,13 pcw,NA,amygdaloid complex,NA,NA,0.9568233128841097,0.9883565907408313,0.8180762763110022,0.7377916649233734,0.9837397535605532,0.9877507378732869,fetal
H376.IIIA.52_ITC,H376.IIIA.52,13 pcw,NA,"inferolateral temporal cortex (area TEv, area 20)",NA,NA,0.986929270102858,0.9548509526801876,0.9599103083384161,0.9853416909342241,0.999138589405214,0.9172033034352896,fetal
H376.IIIA.52_HIP,H376.IIIA.52,13 pcw,NA,hippocampus (hippocampal formation),NA,NA,0.9371546894433933,0.9469800358126292,0.9152251137869285,0.84913918641499,0.8870281819679537,0.9946797719322058,fetal
H376.IIIA.52_IPC,H376.IIIA.52,13 pcw,NA,posteroventral (inferior) parietal cortex,NA,NA,0.9961046256728094,0.9772896667396311,0.9476827581936209,0.7759620579391009,0.9085580917876386,0.9666116230916222,fetal
H376.IIIA.52_A1C,H376.IIIA.52,13 pcw,NA,primary auditory cortex (core),NA,NA,0.9460284748337069,0.9718761625437918,0.8531708016001605,0.802639388509458,0.9305294697626867,0.9968138255398973,fetal
H376.IIIA.52_VFC,H376.IIIA.52,13 pcw,NA,ventrolateral prefrontal cortex,NA,NA,0.9850114885026844,0.9817921967657705,0.8741058595974625,0.9796205671930409,0.9677296661575507,0.9355582128855764,fetal
H376.IIIA.52_STR,H376.IIIA.52,13 pcw,NA,striatum,NA,NA,0.9920849198807195,0.943482821712793,0.9352889035770915,0.9872174429295226,0.9706742992920643,0.969210456105536,fetal
H376.IIIA.52_OFC,H376.IIIA.52,13 pcw,NA,orbital frontal cortex,NA,NA,0.9608243715036683,0.9883480966298819,0.8737783508925315,0.894455828055722,0.9582267371992502,0.9916802810201615,fetal
H376.IIIA.52_MFC,H376.IIIA.52,13 pcw,NA,anterior (rostral) cingulate (medial prefrontal) cortex,NA,NA,0.8934127562053664,0.9006525155556246,0.819718754792912,0.9327984098103337,0.9870259465115633,0.8084683116481743,fetal
H376.IIIA.52_V1C,H376.IIIA.52,13 pcw,NA,"primary visual cortex (striate cortex, area V1/17)",NA,NA,0.9137455218759815,0.85957273131454,0.9883377335812307,0.9677671747001909,0.9575282168911022,0.9716669585618213,fetal
H376.IIIA.52_M1C,H376.IIIA.52,13 pcw,NA,"primary motor cortex (area M1, area 4)",NA,NA,0.9842984487996256,0.9496951442580412,0.9950367609134717,0.8407644755156884,0.9639462885414927,0.98459246287165,fetal
H376.IIIB.51_VFC,H376.IIIB.51,16 pcw,NA,ventrolateral prefrontal cortex,NA,NA,0.9946140166896543,0.9978964620915064,0.9857218766016196,0.6347766876139368,0.9610388156059683,0.7474546283094669,fetal
H376.IIIB.51_STC,H376.IIIB.51,16 pcw,NA,posterior (caudal) superior temporal cortex (area 22c),NA,NA,0.8922418506322813,0.9936612767083783,0.9881816805195133,0.9913574326718767,0.9995959291776273,0.9758935818439215,fetal
H376.IIIB.51_IPC,H376.IIIB.51,16 pcw,NA,posteroventral (inferior) parietal cortex,NA,NA,0.9552326642396027,0.8971084788910891,0.9361655236506344,0.9879955867732455,0.9492130524295941,0.9152829442921205,fetal
H376.IIIB.51_A1C,H376.IIIB.51,16 pcw,NA,primary auditory cortex (core),NA,NA,0.9654757196154424,0.9682820492156741,0.9850538315688921,0.7597620233827096,0.9506535471321619,0.9594025808612264,fetal
H376.IIIB.51_MD,H376.IIIB.51,16 pcw,NA,mediodorsal nucleus of thalamus,NA,NA,0.9867009189428824,0.9801948250201407,0.9835331604146321,0.8734267267630098,0.960940978786818,0.925859145389033,fetal
H376.IIIB.51_AMY,H376.IIIB.51,16 pcw,NA,amygdaloid complex,NA,NA,0.9695824759406216,0.9466175355399705,0.918690765072149,0.5295267256617562,0.8649953648954953,0.9270813078350172,fetal
H376.IIIB.51_V1C,H376.IIIB.51,16 pcw,NA,"primary visual cortex (striate cortex, area V1/17)",NA,NA,0.9987049925621261,0.9715112289414831,0.9146316832445254,0.7263194535408175,0.8688382434212165,0.7721788789557129,fetal
H376.IIIB.51_ITC,H376.IIIB.51,16 pcw,NA,"inferolateral temporal cortex (area TEv, area 20)",NA,NA,0.9927770858095343,0.9636538874259473,0.9835547055235643,0.5769240079358224,0.957811582925071,0.8560515520411394,fetal
H376.IIIB.51_CBC,H376.IIIB.51,16 pcw,NA,cerebellar cortex,NA,NA,0.9737986225672823,0.9535665816409507,0.9652539400513743,0.4847528197286596,0.8134715796591755,0.99688900943949,fetal
H376.IIIB.51_HIP,H376.IIIB.51,16 pcw,NA,hippocampus (hippocampal formation),NA,NA,0.9893807126184151,0.9594845541627434,0.9707219104063041,0.8707402624400584,0.9427288377550033,0.895687467389258,fetal
H376.IIIB.51_STR,H376.IIIB.51,16 pcw,NA,striatum,NA,NA,0.9857386169839921,0.9770083482211647,0.9876657959753111,0.8266619097912342,0.9090454555763862,0.8914508741322279,fetal
H376.IIIB.51_OFC,H376.IIIB.51,16 pcw,NA,orbital frontal cortex,NA,NA,0.9734195743925822,0.9656048883336854,0.9558233230632212,0.39470860087973547,0.9238178676403633,0.9189499074914214,fetal
H376.IIIB.51_DFC,H376.IIIB.51,16 pcw,NA,dorsolateral prefrontal cortex,NA,NA,0.9477978962226272,0.9810590555753329,0.9342919646239236,0.7575079756168333,0.9658751372756923,0.9501886102987709,fetal
H376.IIIB.51_M1C,H376.IIIB.51,16 pcw,NA,"primary motor cortex (area M1, area 4)",NA,NA,0.9548698001303763,0.9487723159782937,0.9474978045182041,0.863016279434543,0.845537059486124,0.9632411311899511,fetal
H376.IIIB.51_MFC,H376.IIIB.51,16 pcw,NA,anterior (rostral) cingulate (medial prefrontal) cortex,NA,NA,0.9548514704581246,0.8407974422020625,0.9720881895620951,0.9200115106872253,0.9452540431496783,0.9095327698339516,fetal
H376.IIIB.51_S1C,H376.IIIB.51,16 pcw,NA,"primary somatosensory cortex (area S1, areas 3,1,2)",NA,NA,0.9686652932008392,0.9672061674614687,0.9092866067049931,0.1356976909279154,0.9501957722658472,0.8934393028009158,fetal
H376.IIIB.53_STR,H376.IIIB.53,17 pcw,NA,striatum,NA,NA,0.976257863954156,0.9932821266156913,0.9003183668596315,0.7418385923093622,0.8186632286351083,0.9538716420935398,fetal
H376.IIIB.53_STC,H376.IIIB.53,17 pcw,NA,posterior (caudal) superior temporal cortex (area 22c),NA,NA,0.891954978300621,0.9534362180587649,0.9893836174592114,0.995130687650427,0.9988593128274214,0.9208703989789517,fetal
H376.IIIB.53_MD,H376.IIIB.53,17 pcw,NA,mediodorsal nucleus of thalamus,NA,NA,0.985323582558651,0.9388995220538059,0.9607836415800735,0.9885824685901701,0.9717646189205574,0.9095435971128372,fetal
H376.IIIB.53_A1C,H376.IIIB.53,17 pcw,NA,primary auditory cortex (core),NA,NA,0.9869153718702616,0.9643885459910657,0.798889624222429,0.7102400534971719,0.9912503162540349,0.9604343613544867,fetal
H376.IIIB.53_HIP,H376.IIIB.53,17 pcw,NA,hippocampus (hippocampal formation),NA,NA,0.9848810456268936,0.9667281068536948,0.91595621555402,0.9824726803446067,0.9839873508315666,0.9846102720461187,fetal
H376.IIIB.53_DFC,H376.IIIB.53,17 pcw,NA,dorsolateral prefrontal cortex,NA,NA,0.9972007581375276,0.9830927919373372,0.9419525909436695,0.7752895172258968,0.7732071507885707,0.8237194723602169,fetal
H376.IIIB.53_VFC,H376.IIIB.53,17 pcw,NA,ventrolateral prefrontal cortex,NA,NA,0.9875494901364942,0.9876649355352373,0.8396802479631454,0.7976154597437879,0.8550187303764245,0.9382248692959243,fetal
H376.IIIB.53_IPC,H376.IIIB.53,17 pcw,NA,posteroventral (inferior) parietal cortex,NA,NA,0.9597168234030893,0.9367269524279994,0.9913047991190586,0.9158395183258647,0.9672622857236277,0.993085914445115,fetal
H376.IIIB.53_M1C-S1C,H376.IIIB.53,17 pcw,NA,primary motor-sensory cortex (samples),NA,NA,0.9873043436287432,0.9994695465574318,0.9136032919101673,0.7725130701664855,0.9955880584520407,0.9892601754503607,fetal
H376.IIIB.53_V1C,H376.IIIB.53,17 pcw,NA,"primary visual cortex (striate cortex, area V1/17)",NA,NA,0.9994919667897826,0.9859251459930942,0.9474560203277532,0.8528646238124231,0.984230450576404,0.9418830183101502,fetal
H376.IIIB.53_CBC,H376.IIIB.53,17 pcw,NA,cerebellar cortex,NA,NA,0.9738051784356011,0.9925632134992188,0.835168384123314,0.657862488033723,0.9132574597359483,0.8355984491944447,fetal
H376.IIIB.53_OFC,H376.IIIB.53,17 pcw,NA,orbital frontal cortex,NA,NA,0.9891967139519651,0.9843338312909633,0.9406499358124379,0.9599930769595657,0.9541776289182565,0.9256075511150735,fetal
H376.IIIB.53_AMY,H376.IIIB.53,17 pcw,NA,amygdaloid complex,NA,NA,0.9451082400728342,0.8796915358484136,0.9211273727512158,0.9036423760158542,0.9434338732692984,0.9772510331608212,fetal
H376.IIIB.53_MFC,H376.IIIB.53,17 pcw,NA,anterior (rostral) cingulate (medial prefrontal) cortex,NA,NA,0.9800829767868265,0.9822950133041828,0.9289065497780085,0.8593187505060254,0.9857272743762825,0.9432599681564514,fetal
H376.IV.53_STC,H376.IV.53,19 pcw,NA,posterior (caudal) superior temporal cortex (area 22c),NA,NA,0.9948922987658563,0.962419283984631,0.7434464616060943,0.851433864305775,0.8341535363656584,0.8945834626269354,fetal
H376.IV.53_IPC,H376.IV.53,19 pcw,NA,posteroventral (inferior) parietal cortex,NA,NA,0.9846491753645712,0.9883765769173238,0.712163112884513,0.9996251745902677,0.9512111807686654,0.9623066229259081,fetal
H376.IV.53_M1C-S1C,H376.IV.53,19 pcw,NA,primary motor-sensory cortex (samples),NA,NA,0.9742063209979838,0.8955731022695599,0.969011485094737,0.9636804668414005,0.9483199500508189,0.9267391668810944,fetal
H376.IV.53_MFC,H376.IV.53,19 pcw,NA,anterior (rostral) cingulate (medial prefrontal) cortex,NA,NA,0.9964081737043086,0.9968828843924441,0.6585045868462935,0.9944917888757242,0.8362839576749019,0.8787415868468573,fetal
H376.IV.53_V1C,H376.IV.53,19 pcw,NA,"primary visual cortex (striate cortex, area V1/17)",NA,NA,0.9866288176057191,0.993038444829548,0.6486270530123082,0.8354465599450487,0.7821312545400056,0.9780622266144212,fetal
H376.IV.53_HIP,H376.IV.53,19 pcw,NA,hippocampus (hippocampal formation),NA,NA,0.9660197537484972,0.8896798951970973,0.9770151963498853,0.9549805048438554,0.9882598312285386,0.9997196263992254,fetal
H376.IV.53_A1C,H376.IV.53,19 pcw,NA,primary auditory cortex (core),NA,NA,0.9846900640069333,0.9920071898601427,0.8686257713284443,0.9904655030516475,0.9774427594520397,0.968421922409167,fetal
H376.IV.53_MD,H376.IV.53,19 pcw,NA,mediodorsal nucleus of thalamus,NA,NA,0.9799360899455798,0.992740732938465,0.7486761190958786,0.9804417256311291,0.90527830001222,0.8940108128274937,fetal
H376.IV.53_VFC,H376.IV.53,19 pcw,NA,ventrolateral prefrontal cortex,NA,NA,0.9817071363599147,0.9972111489227785,0.9700554664597899,0.9486102209483598,0.9599511573788206,0.86692293719363,fetal
H376.IV.53_STR,H376.IV.53,19 pcw,NA,striatum,NA,NA,0.9709680033403455,0.9891441151841,0.5760289247020387,0.8564568038849102,0.7745211937382885,0.949064758457833,fetal
H376.IV.53_DFC,H376.IV.53,19 pcw,NA,dorsolateral prefrontal cortex,NA,NA,0.9904937471903328,0.985071964475102,0.7726523802102854,0.777973635257477,0.9652339826793093,0.9260909982466268,fetal
H376.IV.54_MFC,H376.IV.54,21 pcw,NA,anterior (rostral) cingulate (medial prefrontal) cortex,NA,NA,0.9817614611581729,0.972806695372537,0.995656712811907,0.8694843499006634,0.9540036937578354,0.910859894524617,fetal
H376.IV.54_M1C,H376.IV.54,21 pcw,NA,"primary motor cortex (area M1, area 4)",NA,NA,0.9902072241342738,0.9487587878234316,0.9073988225535702,0.9939330328959634,0.9629934185669893,0.8982564632698629,fetal
H376.IV.54_STR,H376.IV.54,21 pcw,NA,striatum,NA,NA,0.9768049271203637,0.975449564079818,0.9577442383999598,0.719686500560027,0.9978900981640403,0.9827788006717461,fetal
H376.IV.54_HIP,H376.IV.54,21 pcw,NA,hippocampus (hippocampal formation),NA,NA,0.9898357009425668,0.9723363011490243,0.9904316024967336,0.9117516579501397,0.9493673517382696,0.9912381030213167,fetal
H376.IV.54_STC,H376.IV.54,21 pcw,NA,posterior (caudal) superior temporal cortex (area 22c),NA,NA,0.9864222365127423,0.9322374118516656,0.925614438784217,0.6274870514198263,0.9174959959447107,0.9193996410854136,fetal
H376.IV.54_ITC,H376.IV.54,21 pcw,NA,"inferolateral temporal cortex (area TEv, area 20)",NA,NA,0.9819043776348811,0.9766350727321799,0.9524134932187329,0.5521322880435084,0.9010663620083748,0.9694291746667845,fetal
H376.IV.54_AMY,H376.IV.54,21 pcw,NA,amygdaloid complex,NA,NA,0.9966233805919907,0.9701917699961319,0.9408303178523948,0.8360446434202186,0.9434908367405054,0.9716165928610894,fetal
H376.IV.54_VFC,H376.IV.54,21 pcw,NA,ventrolateral prefrontal cortex,NA,NA,0.9608294486942258,0.9809068041923338,0.9401103025802616,0.6255892704601573,0.9339029637668003,0.952304525802045,fetal
H376.IV.54_OFC,H376.IV.54,21 pcw,NA,orbital frontal cortex,NA,NA,0.9777176847615334,0.9750476447591724,0.9320277973170862,0.6283700619271326,0.9425839233754979,0.9112604354836681,fetal
H376.IV.54_V1C,H376.IV.54,21 pcw,NA,"primary visual cortex (striate cortex, area V1/17)",NA,NA,0.9806774898774411,0.9665504822681602,0.9358234045110125,0.5541840504725469,0.9321741224009328,0.9287244473509024,fetal
H376.IV.54_S1C,H376.IV.54,21 pcw,NA,"primary somatosensory cortex (area S1, areas 3,1,2)",NA,NA,0.9779195912453875,0.9856082413127332,0.9280743870577236,0.6819352722502608,0.9824222452272855,0.9941688838376175,fetal
H376.IV.54_CBC,H376.IV.54,21 pcw,NA,cerebellar cortex,NA,NA,0.9586096285231249,0.9746401726160836,0.9980702762756722,0.7843626428685858,0.9204894287396528,0.823638368298088,fetal
H376.IV.54_IPC,H376.IV.54,21 pcw,NA,posteroventral (inferior) parietal cortex,NA,NA,0.9741342923455838,0.9208034656524033,0.8655277698338997,0.6577619363047812,0.906608641484921,0.9351344265568444,fetal
H376.IV.54_DFC,H376.IV.54,21 pcw,NA,dorsolateral prefrontal cortex,NA,NA,0.9908899476084413,0.9983482640085704,0.9765903592460982,0.9474804337871646,0.9841642084688353,0.9227743673787732,fetal
H376.V.51_A1C,H376.V.51,25 pcw,NA,primary auditory cortex (core),NA,NA,0.9506034690606516,0.2833775608680854,0.8366660980410122,0.9513495940256793,0.9317768837445676,0.949897646416883,fetal
H376.V.50_CBC,H376.V.50,35 pcw,NA,cerebellar cortex,NA,NA,0.9956417421155263,0.8638468514702069,0.9661200437002404,0.7294392764293715,0.9344938194577976,0.9563217180194593,fetal
H376.V.50_VFC,H376.V.50,35 pcw,NA,ventrolateral prefrontal cortex,NA,NA,0.7677429283068752,0.5887453701328249,0.9652520467257788,0.7888342928523766,0.9263133518954436,0.8372036969358594,fetal
