Sample_ID,Line,Age,Date.of.differentiation,Region,Version,Condition,Glutamatergic_ODS,GABAergic_ODS,Non_neuronal_ODS,Dividing_Progenitor_ODS,Neural_Progenitor_ODS,Intermediate_Progenitor_ODS,Microglia_ODS,Glutamatergic_mean_RPKM,GABAergic_mean_RPKM,Non_neuronal_mean_RPKM,Dividing_Progenitor_mean_RPKM,Neural_Progenitor_mean_RPKM,Intermediate_Progenitor_mean_RPKM,Microglia_mean_RPKM,ER_stress_mean_RPKM,oxidative_stress_mean_RPKM,glycolytic_stress_mean_RPKM
21047XR-55-22,8858.3,30,December_2022,cortical,v0,baseline_feeding_schedule,0.15167587535398086,0.010737494544136084,0.3050135266096356,0.11758430433356037,0.22625338680187834,0.3958272142257818,0.008181602367168916,3.731561824840707,2.1311419439042565,1.6770181630990604,4.918852058831804,7.196671772397359,4.997388293321316,3.889057651474833,7.6616162761942475,22.67596695865718,21.040349329050503
21047XR-55-23,8858.3,30,December_2022,cortical,v0,baseline_feeding_schedule,0.13650581023515707,0.009400417697836116,0.3014645831674832,0.11582749373006884,0.24202243026506842,0.40742132339796333,0.018634071315898337,4.2776185389467365,2.5461499992548,1.7712693303897589,4.75943712799683,6.864989741909204,6.810166017347527,4.416946639690066,7.286058435082159,23.70438680866563,23.193853131186874
21047XR-55-24,8858.3,30,December_2022,cortical,v0,baseline_feeding_schedule,0.2108936406939259,0.02986676674548605,0.3013224008723203,0.08539307160146581,0.30288196101313736,0.25672885915538346,0.028761483567827262,3.6377754400666222,2.369881070459166,1.8181706200656487,4.714556482804706,7.286668812127715,6.541809145647115,4.593490193119341,7.745119665771071,22.9767742181416,30.303239061154837
21047XR-63-22,C4.1,30,December_2022,cortical,v0,baseline_feeding_schedule,0.21686916270894852,0.01224298105576882,0.29925697131379086,0.12404142548963737,0.2937847688347861,0.16467416164324034,0.046992875885313534,3.917009659465987,1.8182795563261207,1.3906575899378517,7.250031151114346,8.422717615774276,2.971782560811037,5.88746926263425,7.598385087165753,24.4904382875281,33.93012087546068
21047XR-63-23,C4.1,30,December_2022,cortical,v0,baseline_feeding_schedule,0.20864272807270234,0.009972732910443982,0.338189162554011,0.12234945437924805,0.31090637375070196,0.2611437492451406,0.08272654773685206,3.171040030261297,1.5861432544461307,1.3302678566717108,9.383341532449032,8.480935018209406,2.3492807349145832,6.896821709246791,8.322798375349095,27.849144210240077,38.4270105358123
21047XR-63-24,C4.1,30,December_2022,cortical,v0,baseline_feeding_schedule,0.02884433305206502,0.07927765623172678,0.2862085926043535,0.12626879511430777,0.24109108126723167,0.3688419079156885,0.06274586762560241,3.235327336080255,1.5332264058788854,1.298951148772919,8.976321385641894,8.34827322121961,2.431561267516258,7.021821856057268,8.298504477163105,28.62361586401962,35.714369797645546
21047R-94-16,C4.1,30,April_2023,spinal,v5,baseline_feeding_schedule,0.037887380494224354,0.07222306126200029,0.29888256356688037,0.1273910148865589,0.25017958199400137,0.3817811570732619,0.06512070662189662,27.429885408290993,12.472639642183603,0.8278078919410223,1.1361729439678625,4.797655796364368,1.0911853152074897,4.487843341569613,6.393283581181324,25.125145417630847,37.89220836586606
21047R-94-17,C4.1,30,April_2023,spinal,v5,baseline_feeding_schedule,0.028253994773304814,0.06533378163563297,0.3068876864174308,0.11814216010151224,0.2686940145337291,0.3790304805404512,0.06708243147480752,24.48696435825359,11.610624537193493,1.0151126186922153,1.7759140691333328,6.380428140235641,1.147804855504597,5.005716145789811,7.075996352472028,27.39999013874027,43.38992831918655
21047R-94-18,C4.1,30,April_2023,spinal,v5,baseline_feeding_schedule,0.18151827979565333,0.013214762567985261,0.4090485767555254,0.1876150478457993,0.3759889086238156,0.3669278773110456,0.32298592623783573,29.402098433723644,12.844130408608125,0.8161693313137701,1.2460914037144266,4.889673647268168,0.9538770938510847,5.208469246777916,6.4760201605807,28.634085513573176,37.91308943806288
21047R-94-22,8858.3,30,April_2023,cortical,v5,baseline_feeding_schedule,0.18108163540855193,0.038294963849903385,0.39580309021540483,0.14372505901953458,0.3976589843453795,0.049608601102493655,0.31109445851584994,3.6972668461784117,2.1973194299322163,1.7474369550690307,7.215191984381068,8.737788605969609,4.727066748886996,5.153511196008773,8.443799908603959,36.62114643585315,19.72052852267493
21047R-94-23,8858.3,30,April_2023,cortical,v5,baseline_feeding_schedule,0.16320673861096602,0.009869636254653091,0.4178611324877185,0.15841167963335367,0.4367826896548722,0.18717082076048053,0.3708352138025617,3.413852864807907,2.001610414058531,1.614574335266694,8.506848695518997,8.203674321922918,4.0260626861542175,4.8399283034909635,9.164648156712929,37.613136892723276,16.717804676328402
21047R-94-31,8858.3,30,April_2023,subpallial,v5,baseline_feeding_schedule,0.017074647171114066,0.1739366349385466,0.26396029616410976,0.13407757503286333,0.1803987660744335,0.336446301902497,0.13422551127811544,3.7045970914614945,3.2604604312693626,1.877672902294943,7.229951586349838,10.315963107836733,2.9044628406624273,4.594450562129343,8.194089764410608,31.125668223714527,28.93719974169032
21047R-94-32,8858.3,30,April_2023,subpallial,v5,baseline_feeding_schedule,0.03140689528295798,0.1735361969489354,0.27433330160488945,0.13895906673806335,0.17237990245321622,0.33545594421005975,0.12781788584353082,3.9628860056255966,3.306487398024833,1.940672367035064,7.192039458292975,10.066200712745792,3.439893824788002,4.536335932838869,7.546126147701595,31.47995112259512,24.698544389022082
21047R-94-33,8858.3,30,April_2023,subpallial,v5,baseline_feeding_schedule,0.03035199886684592,0.1749498447874499,0.2739889813726485,0.12735017294165496,0.1987802971322703,0.3274043486106144,0.1316071980611524,3.372251264509866,3.088537254307364,1.9787153584233523,7.0499139379704125,10.262467884651032,2.813686216927469,4.94468095404691,8.378992622595048,29.572814137998126,30.78403357949186
21047R-94-34,C4.1,30,April_2023,subpallial,v5,baseline_feeding_schedule,0.6882936688683545,0.4068877568852691,0.4156240662362863,0.03905385353829083,0.224494538072172,0.48029582704835255,0.0893789526361517,2.8477101990951326,3.4026784585574736,1.951513963667047,4.909194794661136,8.781725945378108,2.209676498437297,5.018805080262951,7.918279766695502,27.929960789519107,40.62272410080711
21047R-94-35,C4.1,30,April_2023,subpallial,v5,baseline_feeding_schedule,0.663334493521436,0.4083223145332824,0.42163569762669423,0.028532564814898298,0.2070841328736801,0.48987978975778945,0.09940110164874516,2.630096949114216,3.338648777524788,1.9944584936933498,4.923883714055098,9.20984481409598,2.4217486925225122,5.655380328738494,8.409126855632215,27.33287115680633,42.21959523872265
21047R-94-36,C4.1,30,April_2023,subpallial,v5,baseline_feeding_schedule,0.6522936919117206,0.36484410629735964,0.3969029530170716,0.06392757735981369,0.24660089203042046,0.4152640506846804,0.06852586579783415,3.561355570933142,3.3363371348885997,1.784905582265386,5.016288433558256,9.102729488187174,2.539298628682791,5.496388144159635,8.191283721695333,29.383694318791612,41.477300050655316
21047R-94-40,C4.1,30,April_2023,cortical,v5,baseline_feeding_schedule,0.68622280270401,0.4911538198100869,0.456312819035516,0.031889898665360183,0.168041865395666,0.5147801628901784,0.05889525016008457,3.889245394462503,2.1042457903927674,1.939337447474818,6.705448051165619,8.639003505156392,5.649417160190453,7.855752018369228,9.348892713689656,27.680176720367463,37.48963526469915
21047R-94-41,C4.1,30,April_2023,cortical,v5,baseline_feeding_schedule,0.6177613713581149,0.41513289895912653,0.44360458104943384,3.098832022748743e-4,0.1295330653762451,0.5042673955862768,0.09358850106916705,3.557190183011667,1.9841439622013772,1.874798413659836,6.301150757633987,8.490365796560663,5.04314181765915,8.60410475893695,10.638550665646322,27.244301370684006,40.331957898438304
21047R-94-42,C4.1,30,April_2023,cortical,v5,baseline_feeding_schedule,0.6700567001199134,0.47892423516794436,0.45428466999384093,0.008303094218086504,0.16139084186523,0.5570396790084459,0.103617080024339,4.0419653788489605,2.012714769664986,1.9745146683141215,5.220334959004681,8.349851833182138,5.214722432870754,8.600577892638977,10.215600795119597,27.16925908142688,37.37140791970893
21047R-94-49,8858.3,30,April_2023,spinal,v5,baseline_feeding_schedule,0.7123542148246427,0.3395250701195548,0.321916274677776,0.04754102979472424,0.16861200121494924,0.4491696818449658,0.1542246928202753,41.87853143851054,12.243556382003435,1.8052969813994895,1.4502650023565835,7.494992624586562,1.305940310595599,6.084622879793556,6.490687247100654,27.380868567302937,36.44427534644206
21047R-94-50,8858.3,30,April_2023,spinal,v5,baseline_feeding_schedule,0.7415314909090363,0.33459409380494654,0.3346400607708385,0.02342307684472522,0.17074861713136913,0.4401467258439275,0.12530743962924318,40.15467211739252,13.449065847007642,1.9273120206944252,1.4869459085948957,7.39347335146178,1.2769698450800226,6.118202468948066,6.5738998176602355,28.269847408567195,37.67711558780117
21047R-94-51,8858.3,30,April_2023,spinal,v5,baseline_feeding_schedule,0.7023083618177113,0.3309614036356828,0.3356604113601833,0.025784082435283018,0.19247978271247068,0.4490833297610792,0.11299975601038592,44.30372579514173,14.965659453242544,1.2291031642999082,1.2201412840093786,5.943265714651285,1.0910350137007714,5.704850155512465,6.777603990141486,27.654763706737796,43.90922521565807
21047R-94-01,8858.3,30,April_2023,cortical,v5,weekend_skipping,0.11996135871870772,0.002404511984651525,0.34108062478152645,0.179952042075736,0.2577257648064729,0.21996423574837753,0.11775620180680968,4.853082060344689,2.4127411234622365,1.7173404479691845,4.8085381468142385,8.113134069672066,4.816336186458605,4.072979758348962,8.178138792787411,27.2061466701604,27.356650187248885
21047R-94-02,8858.3,30,April_2023,cortical,v5,weekend_skipping,0.10162704520549148,0.06956565093733957,0.389823792757965,0.19729689760059377,0.2498516315735978,0.2556448662744487,0.09946832160171082,4.244564176827305,2.520721698689913,1.900928798976702,5.419710127178414,8.930930025456385,5.931021185499853,4.322675216947395,8.438152574731555,26.389337919753686,35.49404028029598
21047R-94-03,8858.3,30,April_2023,cortical,v5,weekend_skipping,0.518878275719812,0.3210245511247647,0.44056148967935405,0.025158200101745853,0.28156180437823264,0.49423333707897243,0.10980704442339939,4.199609207970997,2.316361411870642,1.7464155442115883,5.538061621467056,8.795193112643307,4.6546170709015815,4.805926868993644,8.612183760557015,27.161879919527863,33.47881554207836
21047R-94-04,C4.1,30,April_2023,subpallial,v5,weekend_skipping,0.5275228359297712,0.33703238437837746,0.4345152196928421,0.024274826134438043,0.26728630269060805,0.518905096785925,0.12991201904649952,2.728865282669488,3.1378149193971874,1.888219978293656,5.441899995730071,8.517508243364313,1.7599513917784284,4.537595398759561,7.886450867250675,25.23002372089965,38.48588909161822
21047R-94-05,C4.1,30,April_2023,subpallial,v5,weekend_skipping,0.5380320109238816,0.3005315038254971,0.4562815768973383,0.03712027551001312,0.2546918430904347,0.4964020483926443,0.15907862471788625,2.746697432721921,2.916896821514877,1.8199838144872476,5.525230395665188,8.603279752866104,1.7564278904272383,4.516207633997241,8.091966705398727,25.19328513133894,37.743347044197286
21047R-94-06,C4.1,30,April_2023,subpallial,v5,weekend_skipping,0.7628972074505469,0.43943325861453875,0.2995651622512222,0.08177646874150102,0.17014939397428974,0.3955435861540304,0.09186893157555631,2.586952148602901,2.7791524946272905,1.7810412766243047,5.4113747916386385,8.429735796281653,1.7947063520254067,4.605759814616616,8.174577530500395,24.54814234820662,38.5872555660994
21047R-94-07,C4.1,30,April_2023,cortical,v5,weekend_skipping,0.7683143525854954,0.4537431003822192,0.28525809251520573,0.07186354764899527,0.17219344667575875,0.40774250823277336,0.06266109514783591,2.5976936328474953,2.275479164741538,2.053850813782771,5.110007177268454,9.101331754805825,2.9599677521847054,9.752534754055906,11.35180356981095,24.715882073665846,42.88564954659255
21047R-94-08,C4.1,30,April_2023,cortical,v5,weekend_skipping,0.7805420006361603,0.4897516862827044,0.2866508475862033,0.041198409265716274,0.16949283709841512,0.3987659445576988,0.06896552653488253,3.4067367626511524,2.13077443504472,1.8395810048255454,5.703431235845804,8.18216882439384,5.9424394434283,9.052340912600588,9.384891822000633,26.574847491512557,35.57760735180316
21047R-94-09,C4.1,30,April_2023,cortical,v5,weekend_skipping,0.18333999988194571,0.04717262086648377,0.29069246774586566,0.1295949487102902,0.23666612007123788,0.2799290378135243,0.07368205226667235,2.754212113969282,2.1657270260740233,2.0607907318175953,4.6437057377913815,8.266278965216486,4.3363548154554055,10.932923591868821,10.931644120112109,25.0634550667761,37.69667005445598
21047R-94-10,C4.1,30,April_2023,subpallial,v5,once_a_week,0.20984868749403396,0.045791764039597616,0.3003501814239526,0.1347751203473061,0.24780133357433343,0.2481867168305515,0.06411930763146112,2.1761674028651967,2.35976038821008,2.1737017309976863,6.183666429430304,11.453630793696055,2.02068698110973,5.563214050549421,9.58055562170827,23.013672318736454,35.26013219029965
21047R-94-11,C4.1,30,April_2023,subpallial,v5,once_a_week,0.17014603597882044,0.035329843333980815,0.29268652062082234,0.11745252400173423,0.24967646383613595,0.31357126167065974,0.09005505151016724,2.329313595660516,2.192551353340149,2.12394947325103,6.300601797622549,11.530776887867516,2.0674515626223453,5.49753385602629,9.491269814701694,23.84130605598896,33.30499539969478
21047R-94-12,C4.1,30,April_2023,subpallial,v5,once_a_week,0.007021910097498529,0.011809623449638096,0.2979798860510375,0.12424217714077523,0.22571481812674976,0.32399199728528916,0.09594663846161933,2.2470449256198846,2.2501665117675778,2.133071799262466,6.044601812581709,11.243661341267583,2.1982254182539567,5.548608575585013,9.887419890152538,22.898341262046802,34.814825535818315
21047R-94-13,C4.1,30,April_2023,spinal,v5,weekend_skipping,0.01812007397601889,0.007984757140820697,0.2999404121754434,0.12043706048752323,0.2072825788514805,0.3012255508949111,0.1391211089015152,26.97815231128564,9.153169986146326,1.042077300069003,2.119427369844233,5.589441829623096,1.4255169629870907,4.979693579079986,6.549735737676968,25.986097523148246,39.51475326420481
21047R-94-14,C4.1,30,April_2023,spinal,v5,weekend_skipping,0.0444954807794794,0.015888810178614987,0.32279333459361403,0.1341599418237296,0.20093091836330013,0.2941381412878843,0.13018699968033454,25.246610626227373,9.26896424098068,1.0587684198199299,2.213061526948275,5.912660579566629,1.2724212870660818,5.125403350773582,6.6610097757137625,25.835066283366707,39.98474771184184
21047R-94-15,C4.1,30,April_2023,spinal,v5,weekend_skipping,0.18200834198421179,0.02182166311197986,0.39555664475082397,0.15392758433490106,0.32161467402439836,0.22105217363180174,0.2582372425419779,22.52679666755946,7.933991222930258,1.1510200535383008,3.102799756894969,6.1682496828231335,2.253362474744963,4.701012151863091,6.626434208612411,25.709193656751467,40.58029196933332
21047R-94-19,8858.3,30,April_2023,spinal,v5,once_a_week,0.19099297735926357,0.03842369617245556,0.39907019650578224,0.14596383406063596,0.35593603652729033,0.24171924796993394,0.2907323509085291,28.34903555752019,8.08033488663344,1.5738738895883586,2.018053186122188,6.6531427279018125,1.4658796981319016,7.11998863032165,8.407113670238383,25.656040995613093,50.949264936601956
21047R-94-20,8858.3,30,April_2023,spinal,v5,once_a_week,0.19406533422653116,0.036033175457724886,0.40033599667660874,0.15381818331252028,0.32033103565310184,0.23381409988746082,0.3356091546981512,30.832257388470637,8.500211015508212,1.4658429764845458,1.5095700194758388,6.0133705914011095,1.511919529768259,6.390283578969817,8.201439152866,25.55542545647612,43.87289316384889
21047R-94-21,8858.3,30,April_2023,spinal,v5,once_a_week,0.22126474002858015,0.06921986984514406,0.4045295998619174,0.1530173962353234,0.347284476780213,0.04479237381043799,0.25593371961343014,27.74147747491325,8.570438958009163,1.396026660142893,1.7604376619836788,5.589431782679622,1.4758344025968309,6.321497456425305,7.949327195111843,26.044276408570884,43.22556852649717
21047R-94-25,C4.1,30,April_2023,spinal,v5,once_a_week,0.19912586400135873,0.048177806184545924,0.40833532216285967,0.1591098310324106,0.3721703031146917,0.11916606688593734,0.2976216568812181,20.26836907714352,6.887574263258785,0.7287580972461469,1.1888950663140818,3.1368834169620463,1.3261236721523475,5.379717797306478,7.589757507590931,25.801570825911817,54.46011001104096
21047R-94-26,C4.1,30,April_2023,spinal,v5,once_a_week,0.20988083025312143,0.050084007790778706,0.4019999738213047,0.1451785522244995,0.40571036234971836,0.11974018574026923,0.29281535574162443,21.232144123444574,6.937589863187586,0.6878098625751919,1.028030269163486,2.9400206419912385,1.2191313756804374,5.6614528736025465,7.934319959721848,26.730820617324703,55.555373766922806
21047R-94-27,C4.1,30,April_2023,spinal,v5,once_a_week,0.11031907632280563,0.0058784099661934874,0.2861380293012842,0.11562072751750174,0.22606645363657685,0.3442462813708077,0.1584653671876629,22.70612877228221,6.486477746227238,0.7006709282722147,1.076392226344141,3.126087222844122,1.347824074684952,6.098149028399868,7.549737111309725,28.637734643696046,56.46293703165816
21047R-94-28,8858.3,30,April_2023,spinal,v5,weekend_skipping,0.11455140762593363,0.04396935001764546,0.29951053432602903,0.09973413855031599,0.24804390437637913,0.2846258092971673,0.23928809895992642,28.22976486786375,9.213834278382917,1.8705479165666379,3.005162330192747,7.4493188463187074,2.0632593566642807,6.171366538485262,7.374037660202021,26.155365690404963,39.35355935917297
21047R-94-29,8858.3,30,April_2023,spinal,v5,weekend_skipping,0.14737673165980086,0.008628205668986477,0.2733451385735792,0.10441241511746835,0.20392071327330252,0.29393096415914477,0.11552450624330168,28.74440618263336,10.42441496935118,1.958025044457576,3.197737752444145,7.522805877916514,2.16651950315398,5.673108778797536,6.691082168612508,27.254716645363143,36.153392242942715
21047R-94-30,8858.3,30,April_2023,spinal,v5,weekend_skipping,0.21872047571145814,0.019926613632294643,0.3010015284808105,0.0975181933411099,0.270892286777192,0.13880973112826578,0.12911602908450115,30.527249707644938,11.297215579565407,1.8237029427412708,2.835206959067274,7.090509547245143,2.1882264427639555,5.693517624208908,6.2987553701205465,27.956154797663235,34.2993444037556
21047R-94-37,C4.1,30,April_2023,cortical,v5,once_a_week,0.1686682485520956,0.03433414609624452,0.3348639415651775,0.14212573373635629,0.22134762566985078,0.2177115660626464,0.12290381254310323,3.0671767767507707,2.260375057917229,1.9364245248264929,6.963946640568611,9.540241492896195,4.050396274730953,8.092711157809115,10.720043871269269,27.85749746559906,41.87397151131243
21047R-94-38,C4.1,30,April_2023,cortical,v5,once_a_week,0.2449203537572191,0.027679303185414117,0.2945047031857797,0.09608613041528458,0.2253558241836635,0.17740069707510298,0.07546218362849155,3.1216719779502453,2.569860275178642,1.8968956837136934,6.108181420853559,9.301562559399157,4.049232611515484,8.868215828134558,11.202764709935876,27.111839554656132,38.643743723949775
21047R-94-39,C4.1,30,April_2023,cortical,v5,once_a_week,0.8658054801729367,0.4804452114013905,0.2702694448194426,0.01316789068926183,0.04623058115738765,0.4675623787069997,0.07499009938146473,3.2973941825617494,2.1558078642068086,1.8710784889193373,6.221475351295158,9.422968737424549,3.721119079121156,9.855820983395429,12.208280984054307,26.45363446939117,46.7876148491934
21047R-94-43,8858.3,30,April_2023,subpallial,v5,once_a_week,0.8427858406565691,0.49165345986684394,0.24089185971836835,0.011244467229449884,0.04156128123560121,0.47505065843358646,0.07608337847969693,2.942206057901477,3.00164561690923,2.256090941151011,5.840841971582991,11.188753749769663,2.215854527119717,6.0112283375179105,9.49745145476951,28.399523650261532,40.463749700064575
21047R-94-44,8858.3,30,April_2023,subpallial,v5,once_a_week,0.8625532988589979,0.5509929694234539,0.33324979662694576,0.00652328293201454,0.04448683960924149,0.5131867761844814,0.09914823752425606,2.8236817618670123,3.400044578448676,2.389944688522422,5.643445170505839,10.531044891765625,2.6236511416643093,7.801648721832912,9.63285401495877,28.079254561993313,37.488991272157286
21047R-94-45,8858.3,30,April_2023,subpallial,v5,once_a_week,0.13629974037769688,0.036988810964805885,0.3033239241447412,0.1347443208422009,0.24086180650852063,0.3136553780330281,0.14212093272296833,3.2881235568037583,3.0843380995370535,2.299564975983575,6.047855501223505,11.634744901498173,2.6665481210741606,5.286517128088543,9.348068339770723,28.20073180094582,41.020340115607034
21047R-94-46,8858.3,30,April_2023,cortical,v5,once_a_week,0.1672906600007834,0.06919689665266415,0.3114269672500217,0.13318482225354822,0.21537684422630976,0.3010600922266964,0.12648616194421647,4.824475212932494,2.668613190299588,2.022988509657386,4.715050394004338,9.158420462096291,6.211839706769364,5.540548632591113,9.134661092875529,27.160865237929336,43.43937812600141
21047R-94-47,8858.3,30,April_2023,cortical,v5,once_a_week,0.09505724697199602,0.03627645197772822,0.31618200364013066,0.12915473348691808,0.23409323492646728,0.3538267638408479,0.162320502056574,4.560483261271844,2.4662133480741772,2.0235630251504353,5.724235760421438,9.567597491820587,5.246539837850667,5.3924269685880075,9.120338654290418,35.281624748477675,30.563942906561962
21047R-94-48,8858.3,30,April_2023,cortical,v5,once_a_week,0.2584232867045945,0.04096677491235301,0.31343459755272485,0.05557732734763121,0.37255877943286897,0.18754204778547667,0.011558536044501522,5.269631045449767,2.601073088353522,1.9644644497259864,4.346406548426497,9.685445995180576,5.8730477899821985,4.782810909956868,9.177105989720289,26.577132248386953,46.617480971513686
21047R-94-52,8858.3,30,April_2023,subpallial,v5,weekend_skipping,0.2950030433529267,0.008496276665968305,0.30883908103816027,0.057357374570714326,0.3693450395242388,0.07492247526145479,0.06005435242520463,3.4214367862190675,3.239930313827255,1.8548939126790926,6.580198089899066,10.154130482871667,2.539064173512237,5.592002447879728,10.05648585022435,31.900119512314607,38.823596234616005
21047R-94-53,8858.3,30,April_2023,subpallial,v5,weekend_skipping,0.2602352886607085,0.019207504554968224,0.304341016948645,0.05484655572389385,0.3486538511597286,0.09099130967181923,0.07048470371183768,4.021067144363091,3.6276861902686632,1.7674495904251502,6.505858048795316,9.999802106761955,2.638131087086784,5.3528942702112055,8.638079443413861,34.41612481665351,29.50971987365654
21047R-94-54,8858.3,30,April_2023,subpallial,v5,weekend_skipping,0.29590980837533687,0.09426343023375311,0.4209433533408489,0.11827211837289087,0.29424900646016927,0.312303254976647,0.15895309304651417,3.1420057838266287,3.132288222734541,1.8131442605230468,6.538196427026997,10.150000409952929,2.339832078455967,5.856337818380351,9.992119928339878,30.38521071564411,47.07035064403981
24049FL-01-01-01,8858,30,November 2023,cortical,v14,xg_orb_c5,0.2063741525889614,0.12540392880414553,0.3918462711083508,0.15999446956862529,0.23868106901459796,0.3937218044768275,0.21965334760896837,3.3359824625877197,2.2318816353888957,1.6568315425100117,5.738447657520393,10.225772326995301,5.505031912544894,4.386088182423794,9.470194714453621,26.986675253613974,27.058885280771985
24049FL-01-02-01,8858,30,November 2023,cortical,v14,xg_orb_c5,0.19121347703540914,0.1476689187984196,0.3828689648728612,0.15215259451394458,0.23671826534126783,0.3845821860001388,0.23026662788984487,3.026544378470746,2.27358021931082,1.6579155170079705,5.626352647513251,9.242060691751472,5.759546123655193,3.7907117135683692,8.937564271814743,24.69134660930312,23.64233945664254
24049FL-01-03-01,8858,30,November 2023,cortical,v14,xg_orb_c5,0.20875594972722916,0.05037905945770638,0.3140408332881025,0.07073015538990601,0.1995141052938223,0.09101975200069234,0.058813244245891294,3.3469861513556545,2.799753008273627,1.78791606705681,6.004395072333195,10.315745135171605,6.6585108975588145,5.546549566208051,10.443738731848047,29.45469893182047,31.24073879782161
24049FL-01-04-01,8858,30,November 2023,cortical,v14,xg_orb_c4,0.1675362407459765,0.07391299328792322,0.2981256091504386,0.04791613104856318,0.2408315590332908,0.09970039750900783,0.005887944119776001,3.19542343267747,2.1451830718298424,1.786162539344579,5.000415338332938,8.839339924801797,5.655914472524047,4.0642480732810355,9.202724445077838,26.309871979814243,13.291412137630555
24049FL-01-05-01,8858,30,November 2023,cortical,v14,xg_orb_c4,0.20211312166090295,0.012717928228762942,0.2953260772949388,0.09045988103875313,0.1739103981492096,0.030664813003043245,0.14067684086936094,3.3430465379137253,2.0374021331236816,1.7777047162514803,5.242265090350793,8.76789308585124,6.333039133257508,4.274387554201081,9.194659447434264,29.0528372618509,14.244105558257404
24049FL-01-06-01,8858,30,November 2023,cortical,v14,xg_orb_c4,0.17098702685960504,0.055126773442984,0.31176038312084325,0.05830083316785406,0.2756313612931741,0.1424601695975476,0.030085147010052604,3.078587210652003,2.039503002145777,1.6546529830596077,5.074978260934456,8.60794012074928,5.368932668204174,3.4915955071335176,9.308401936202209,25.387485833185224,13.35033968293443
24049FL-01-07-01,C4.1,30,November 2023,cortical,v14,xg_orb_c1,0.19334797043177088,0.07671466858061893,0.321085122717914,0.08166656570327857,0.2297926981236067,0.06631272151918344,0.049782185567419424,3.409386050684174,1.9376680816285248,1.9803387008053328,5.038224890003502,8.595531787058471,5.4470309030812585,6.156695804310361,11.692414954377165,30.669476966120783,30.628495237115178
24049FL-01-08-01,C4.1,30,November 2023,cortical,v14,xg_orb_c1,0.16820551201546302,0.06897185634465763,0.31279051150037074,0.056145483936433926,0.2667922568243424,0.1700059734540721,0.01983271267166653,3.3783117515766956,2.0146922089450188,1.4422984125774911,4.723231709857203,9.3792453732149,4.659318061063204,4.309761175423126,9.44607205616338,26.244591132621157,22.395981785917375
24049FL-01-09-01,C4.1,30,November 2023,cortical,v14,xg_orb_c1,0.2561309669408506,0.07578031442104405,0.3360583014774488,0.08056825169274162,0.27919314671555595,0.15299728146365077,0.17286888560612534,3.0448877486916572,2.138535481540404,1.5446202997136032,4.57192303404455,9.810733385386598,4.604613429948817,5.098794615270006,10.807491939566313,25.195543239680667,25.39294064583602
24049FL-01-10-01,C4.1,30,November 2023,cortical,v14,xg_orb_c5,0.16933900549441805,0.06102153138284927,0.3615988125793625,0.0438512707370069,0.2088254899580777,0.25650508742320155,0.04474061469697488,3.190033638596808,2.152522822777748,1.5436818293301136,3.8121608593895338,9.309986239959239,4.5436267087006055,4.122908115648681,9.53098331420847,24.370390755021674,22.317369375826924
24049FL-01-11-01,C4.1,30,November 2023,cortical,v14,xg_orb_c5,0.14861717309584055,0.04216761483236808,0.3582877008574221,0.04637435488023933,0.22970392164596443,0.25225128856831136,0.0984698474371345,3.070712917726844,1.671237458559398,1.426472585059707,4.16824182489005,10.215730336249514,4.284114226851158,4.281382309605884,11.22959201702327,24.163786358521495,21.536506971540916
24049FL-01-12-01,C4.1,30,November 2023,cortical,v14,xg_orb_c5,0.1335052677473061,0.00551502227677847,0.338427410300326,0.024441295964920617,0.21565798023213656,0.28739625529572976,0.031421033436390355,2.7570942863374674,1.649280802977141,1.51596844122567,4.604677925877831,11.91061745443647,4.3218749630360165,4.900734806768085,11.766342763923301,25.444044137103486,24.602027601603567
24049FL-01-13-01,C4.1,30,November 2023,cortical,v14,xg_orb_c4,0.15005280676241434,0.04811719020783822,0.3521160002786279,0.05193975959463448,0.2163888879388487,0.3308723688965064,0.043380244145098,1.888597182820801,2.2463880055071037,2.2228383014308455,3.1802926979145605,8.408629333487786,3.5422416502494602,6.130017563053355,12.347188303085751,25.332597432960355,15.60625050474045
24049FL-01-14-01,C4.1,30,November 2023,cortical,v14,xg_orb_c4,0.12549718504539636,0.055361812496412255,0.34003790644844045,0.06540972935304601,0.16638403864119722,0.3267364633389458,0.08868918301458284,1.7892945311669994,1.893886495074295,2.2966037091699354,2.5057850188095534,8.006729874076274,2.880737476068688,6.770132263922698,12.2176011875379,25.209917029377596,16.833167290050238
24049FL-01-15-01,C4.1,30,November 2023,cortical,v14,xg_orb_c4,0.11580130412737932,0.028822492364145136,0.3343150956340683,0.009910524132910825,0.35326606039683983,0.4096209507156342,0.16859030176936407,1.7977455642166296,1.9905109306753574,1.973043831098899,5.05644498769615,10.032573683624696,3.802219493291051,12.630384687438506,13.668380208510229,45.20842703070692,12.890926172698276
24049FL-01-16-01,C4.1,30,November 2023,cortical,v14,xg_orb_c3,0.14379721628392728,0.00901222968202986,0.35429208279915864,0.0036397860047191477,0.4050389530382411,0.4962961876154277,0.19959099966238203,3.884110743358878,1.9676291289163805,1.8344495249267252,6.904010152635283,10.413884454326581,4.922513310923769,10.631873057453726,13.07855907677948,40.340285502036195,29.489882901372592
24049FL-01-17-01,C4.1,30,November 2023,cortical,v14,xg_orb_c3,0.056422063797622435,0.01660180688707147,0.32114550549569443,0.2516667476366955,0.27660877573933207,0.3406138035017926,0.45251065034858573,3.315204966557958,2.1829290845345612,1.6374455337068727,5.608092359920204,10.527566055485629,5.074337703811469,7.635675901283864,13.52696844332341,34.24220594150309,27.045081412819165
24049FL-01-18-01,C4.1,30,November 2023,cortical,v14,xg_orb_c3,0.20909610560260672,0.11570670845455744,0.3538393559761051,0.24054225810915708,0.20149224759398887,0.1663199879138284,0.3805882378785388,3.6027768913185985,2.240600846831827,1.6433550815195839,5.795242791931036,12.003206420707766,5.325616127299556,7.027402484154319,12.866235886326741,35.939964176811735,26.52693423566685
24049FL-01-19-01,C4.1,30,November 2023,cortical,v14,xg_orb_c2,0.09587545421123933,0.07376191576937241,0.3415248559956108,0.1629930146659162,0.1640357431963697,0.17521453929758335,0.25652646625920184,3.991739624051851,2.2334157487444677,1.5405648098148221,5.809667286473401,10.076839104653367,4.304427954738582,5.74714144739523,10.475971917056818,29.814271651949216,25.932647188485497
24049FL-01-20-01,C4.1,30,November 2023,cortical,v14,xg_orb_c2,0.09492680242604556,0.04460134977743979,0.33854764847713775,0.19096212810711688,0.13493911351419308,0.21039699337152018,0.2219943712327247,3.4309413034646257,2.3071688487701985,1.4638814268538474,5.4042151478587055,10.092465675385766,4.468369443692362,4.8715214671469615,10.443139317170393,30.749825836715285,24.184317411820686
24049FL-01-21-01,C4.1,30,November 2023,cortical,v14,xg_orb_c2,0.19573484813339903,0.0863202204231075,0.35871772031335836,0.11249722356739689,0.21176667616373268,0.26027570858518945,0.146582837632664,3.1761230462758614,2.1174756430639574,1.4841276648136623,5.064218504808863,9.955945088801519,4.118133133767592,6.031624011725497,11.982841579529078,28.744645605217848,24.565373587503647
24049FL-01-22-01,C4.1,30,November 2023,spinal,v14,xg_orb_c1,0.11472939990074349,0.04031539621364444,0.36913185244843894,0.09436189328075428,0.18584234381117404,0.252578369475536,0.09396866631375422,23.525630228213256,7.672307523365496,0.8723666894681557,1.680884696838347,7.019926453206335,1.2497496993288217,4.431746319752723,7.542122280750803,25.288317114793735,28.172518378683097
24049FL-01-23-01,C4.1,30,November 2023,spinal,v14,xg_orb_c1,0.13956334532653664,0.06385675350009012,0.36766123622396296,0.09776146873644953,0.21429734779618514,0.2761434691934921,0.15912931622153859,22.872306230264126,7.750197766065986,0.7621325170909312,1.4015662487682354,6.526438144229568,0.9847105268793223,4.366880098518207,8.332591452070455,23.47292836805047,27.268162326629056
24049FL-01-24-01,C4.1,30,November 2023,spinal,v14,xg_orb_c1,0.664968295787383,0.3914686454657649,0.41479092900177034,0.051668197246543035,0.08807526670688681,0.5079202660551616,0.05008512896729367,23.975639232110606,7.783468116684747,0.7766709293710183,1.2221957920448236,6.821291606753795,0.8544060470132917,4.113598708918904,8.357116417197549,23.521028038931465,29.451282043433952
24049FL-01-25-01,C4.1,30,November 2023,spinal,v14,xg_orb_c2,0.6634879339416144,0.41746516597067307,0.43126822591772224,0.06006540013137551,0.08780223925488628,0.5478973599833281,0.05360818538634249,22.30986078277856,7.692630535721351,0.7421014641992153,1.331928454189606,6.350734410201699,0.8795272964054469,4.342731711104471,8.329103057703714,23.392225084559477,29.555425028681878
24049FL-01-26-01,C4.1,30,November 2023,spinal,v14,xg_orb_c2,0.668292576114492,0.40663675279866407,0.43056191667921917,0.056258912839873554,0.062849466163445,0.5745198327727729,0.026806444954763697,25.28931922914771,7.912896869110296,0.6656168415160425,1.086247230124454,6.406076021614515,0.8236517493207047,4.111613020497475,8.731764468626622,22.705984880717686,31.075216244481965
24049FL-01-27-01,C4.1,30,November 2023,spinal,v14,xg_orb_c2,0.6450271653810233,0.3870807384931789,0.42310413427083693,0.059677019304260115,0.08670328379503633,0.5747651589613443,0.04857130404955057,24.27829135030727,8.311535620432275,0.6692276260637997,1.153147431896909,6.371453921419721,0.7853520808187282,3.8933829305454637,7.727562213874008,22.54421483433563,27.037143014157436
24049FL-01-28-01,C4.1,30,November 2023,spinal,v14,xg_orb_c3,0.6875846703884743,0.42156270286135433,0.4350731479743079,0.07365173603567537,0.05826278773409199,0.594677599499583,0.0326422094051988,24.011080661580372,8.960916095057671,0.8022745651166912,1.451440914910551,6.512244994329899,1.2557491951034083,4.497831590167154,9.582019329628489,24.863042227386195,29.670133520267683
24049FL-01-29-01,C4.1,30,November 2023,spinal,v14,xg_orb_c3,0.6660583847263646,0.4247707446110769,0.443407377480407,0.07103201041943114,0.07653556237825021,0.5975472904473297,0.01268783772132931,28.405348216318714,10.139925104201602,0.7194307407657103,1.3376171850735552,6.5193587552961025,1.0965773475390974,4.5107608886144615,8.550516990639842,26.959294085749235,29.13862003906306
24049FL-01-30-01,C4.1,30,November 2023,spinal,v14,xg_orb_c3,0.7213866416521117,0.4880787374196005,0.42586798731188424,0.05137292436779911,0.06565166398711819,0.5018499284031475,0.06529385384915654,22.68018778006679,9.750427193596657,0.7692241700080267,1.4062657185739358,6.393062081382705,0.9125686851085125,4.848564631550857,10.350473241561035,24.63358139182414,30.429092713678735
24049FL-01-31-01,C4.1,30,November 2023,spinal,v14,xg_orb_c4,0.7391121104262963,0.516492718743334,0.4408834627114458,0.04958772525721589,0.048840133481462544,0.5261676670990603,0.06151028697949745,30.94628314045521,7.221823646826921,1.209936757217993,0.9519050387428126,7.885507521651302,1.5234033584658948,5.386113313704607,8.428112257485525,29.563122579635635,20.824778554540202
24049FL-01-32-01,C4.1,30,November 2023,spinal,v14,xg_orb_c4,0.65515892783986,0.5179219821630432,0.43626721358667253,0.053655644139622816,0.06926234730250891,0.5590986122303412,0.09504872841988143,30.309215587397745,8.58379534199745,1.2096308076791862,1.1459857984090658,8.651316744591078,1.5414790124879112,5.664754618052775,9.607442986755846,32.23948424611807,15.052560304963322
24049FL-01-33-01,C4.1,30,November 2023,spinal,v14,xg_orb_c4,0.7925304862402796,0.2980403055425571,0.40836547164947656,0.07348741172062384,0.014824967020677704,0.38605524156176113,0.12750860663278862,28.92590731239942,8.350136249332673,1.3118272712461023,1.2035705569783568,9.285837523985613,1.535747896113666,5.800350428643761,9.35288199530679,31.358137281876992,15.596022868586273
24049FL-01-34-01,C4.1,30,November 2023,spinal,v14,xg_orb_c5,0.7547159083989938,0.38777237723899105,0.42954344146023105,0.03676237693506379,0.020766942793527532,0.3808369897950549,0.14496325976115088,22.120939560375415,9.44072394347275,1.1363939725934338,1.9109314195640685,7.827696490854359,1.4319656215571555,4.68775043689008,8.152353511217036,24.465592972885567,30.72920375188785
24049FL-01-35-01,C4.1,30,November 2023,spinal,v14,xg_orb_c5,0.7274404032683439,0.3443170661974819,0.4140184308976855,0.0368991332714923,0.011260937878087685,0.38596289531459865,0.1564153255494134,20.853277291134702,9.345395820860935,1.0667310458732924,2.038977017737821,7.886889685843165,1.285141417587749,4.749819766934898,8.2418856321702485,26.64855061759252,30.209050479752335
24049FL-01-36-01,C4.1,30,November 2023,spinal,v14,xg_orb_c5,0.6865651731335882,0.49961802195569216,0.3930626654424845,0.030543422917314378,0.08230154589277072,0.4501288262012324,0.07744482317720103,20.812754201430483,9.896047942640587,1.1986009839037763,2.145277925889014,8.1823368608043,1.8781576971486436,4.863130755881157,8.51257865983327,28.390276110674964,35.22611338205221
24049FL-01-37-01,C4.1,30,November 2023,subpallial,v14,xg_orb_c1,0.6429072393095401,0.49839721130612513,0.4115924366179634,0.023739906326735893,0.061231160018711206,0.4750788012105616,0.08781921921431113,2.4957338904005506,2.6444141014609297,1.7360175264149564,4.369488955651741,8.571143826745999,3.6977417921234657,4.84671860673609,11.175728189880859,29.398094737504792,26.837107114090085
24049FL-01-38-01,C4.1,30,November 2023,subpallial,v14,xg_orb_c1,0.6853294126744753,0.5220386571818783,0.39820927950129315,0.02380594815395176,0.061550243193192467,0.3936716382660811,0.09238375191010861,2.9250837491896546,2.64436499408625,1.8582722439430244,4.727493361298111,8.931119442343109,4.1488125019022055,4.806919822936035,10.041788892050205,29.921984449285222,26.668304804392225
24049FL-01-39-01,C4.1,30,November 2023,subpallial,v14,xg_orb_c1,0.025912472408726517,0.07076203581563822,0.2851195639041203,0.074073407899718835,0.18359200616502314,0.17961581368784285,0.09116675859633738,2.723075744795397,2.6553867685263928,1.854568595514122,4.861382947010005,9.518377929244139,3.980466621738632,4.822775342893968,10.015133366801127,30.34536018476974,25.60453144681064
24049FL-01-40-01,C4.1,30,November 2023,subpallial,v14,xg_orb_c2,0.07126669589918355,0.06118123297997213,0.281695446909225,0.0755711123522057,0.16889077456472745,0.1705451227347068,0.0834848583287342,2.2852812111753034,2.6638995977221636,1.97365387261914,4.474491632553513,9.964149531877144,3.8549045536339426,4.872953797595142,11.069685832723424,29.35772912576938,25.010464788779732
24049FL-01-41-01,C4.1,30,November 2023,subpallial,v14,xg_orb_c2,0.062491926844556955,0.06721124133211509,0.287410601258731,0.07952420654855896,0.14826731988791586,0.16721824565388566,0.09291625276507565,2.3181434462749726,2.86514673978927,1.9463358425528994,4.654426439127685,9.456442056467594,3.9873483447816027,5.328611646777875,10.688163562376868,30.752449791804793,26.613685671532295
24049FL-01-42-01,C4.1,30,November 2023,subpallial,v14,xg_orb_c2,0.004433243029664746,0.06434414071925576,0.27370411411000384,0.05697288647268861,0.14558579598527,0.17012548740943356,0.09448713837907063,2.323205454929076,2.7213847547286147,1.8914431262862863,4.435628141746135,8.960776861163588,3.7041453733776444,4.846280897931601,11.073676491641438,27.23952261643072,24.82762571974312
24049FL-01-43-01,C4.1,30,November 2023,subpallial,v14,xg_orb_c3,0.028246742272272085,0.05109953153418734,0.2729467015956313,0.08237241806582896,0.17370260846625718,0.1515357414502172,0.1223172956414752,2.3534015309132297,2.269115358504026,1.849755200025431,5.088413669472429,9.46090042446742,4.037674748064811,5.679483781174167,11.732150305599578,28.21359279620728,25.379870974986275
24049FL-01-44-01,C4.1,30,November 2023,subpallial,v14,xg_orb_c3,0.006518110520424614,0.052847432730913524,0.27547681523651996,0.051882838555767585,0.18713796495915447,0.1941194856507663,0.0836432377051416,2.4689674501598056,2.338559727152228,1.6997764712955972,4.9201113966043115,8.779471833166319,3.831625395210834,5.055078135113695,11.36497407053356,27.361903782355967,25.248414885144065
24049FL-01-45-01,C4.1,30,November 2023,subpallial,v14,xg_orb_c3,0.04168457855583463,0.048603728757143916,0.29459409505200584,0.08815266474051231,0.20520471507293991,0.19981372784809093,0.14769296370583074,2.3652534573173774,2.2180015529351937,1.8971893557908213,5.402415976917313,8.925606350418693,4.601828303919506,5.74435294773505,11.362076159492457,34.73825158009348,27.21497526782437
24049FL-01-46-01,C4.1,30,November 2023,subpallial,v14,xg_orb_c4,0.03655333655665782,0.0391733995799769,0.30472372363026246,0.0874605986462973,0.20872917148544534,0.20345769556277937,0.10321402785782674,3.479333152339003,3.522078871717348,1.4543927359190851,2.9781477266739897,6.41939086494822,3.9685093920843113,4.361665680286806,7.756810363349183,32.68782215444198,12.381388098299434
24049FL-01-47-01,C4.1,30,November 2023,subpallial,v14,xg_orb_c4,0.039805782615498,0.05708536892156413,0.2847606891950666,0.15867412285631144,0.1820913968450335,0.10673587560181019,0.1498584992230103,3.369711657955051,3.5258537744047325,1.4412035078489525,2.931884261954822,6.280231833262118,3.5159647069057294,4.022389791956555,7.823627518048045,30.719526980759245,11.386222572932029
24049FL-01-48-01,C4.1,30,November 2023,subpallial,v14,xg_orb_c4,0.10700933842054206,0.022921666617398584,0.3115787764936331,0.039032698096917895,0.23661587492309843,0.08990257807691582,0.06134615704767654,3.318893928939238,3.805280940133019,1.4763897238360773,2.78605343046035,6.183253609400005,3.301066081051446,4.084224341475598,7.862971058740243,30.881195371435748,11.764638526123349
24049FL-01-49-01,C4.1,30,November 2023,subpallial,v14,xg_orb_c5,0.09863899295377176,0.006730283322731845,0.30847995692918057,0.031040832798241214,0.2233619666991249,0.120666360577802,0.03296637971553096,2.3307774644970545,2.7108097651531446,1.922377881047573,4.1857049638318555,8.27882851808397,3.3692660889007024,4.340297779348564,10.04271349128234,27.610059425415297,24.930011019320276
24049FL-01-50-01,C4.1,30,November 2023,subpallial,v14,xg_orb_c5,0.07030258763398867,0.0088592002993233,0.2983619853989227,0.01942860472979513,0.21622060344377203,0.1455289036914139,0.03477139436049681,2.209070181339238,2.6184937513461164,2.06310292244804,4.714339272443889,8.969315926185676,3.846287484088556,5.855579873588643,11.430134196824076,30.508861566842693,28.6392793889425
24049FL-01-51-01,C4.1,30,November 2023,subpallial,v14,xg_orb_c5,0.021561700092331493,0.03498673891302129,0.2761293547311285,0.0659881234577464,0.1829391853418476,0.18489333731407787,0.05272874146719442,2.1829897099597595,2.4354673398494486,1.9472987132268635,4.778054678815991,8.907446452602576,3.6364821655102246,6.169682554131657,12.467044461342567,29.365111335920723,27.748905019742228
24049FL-01-52-01,0524-1,30,December 2023,cortical,v13,baseline_feeding_schedule,0.008967855856953144,0.04143525929167691,0.27765545133583425,0.1019335918507347,0.1579797626560937,0.15564425872406684,0.15661773703390724,4.149597559726515,2.3075108392046095,1.4465615188468752,3.500697272383371,7.81571846590908,3.425261688101929,5.60507402944026,8.268295587188115,23.07089697278007,29.362104356270912
24049FL-01-53-01,0524-1,30,December 2023,cortical,v13,baseline_feeding_schedule,0.02428634431521559,0.05543329995220769,0.287644458344507,0.09156171684086012,0.17145350057511854,0.18275338593817902,0.1765247242727952,4.021334397661344,2.1031394591732355,1.5065923342622107,3.5889103486017295,8.519597319043335,3.678491962134046,4.83849046142444,7.610599927413863,22.20046135475758,30.407961741944863
24049FL-01-54-01,0524-1,30,December 2023,cortical,v13,baseline_feeding_schedule,0.13870209711631132,0.019320769377213276,0.34437338190069133,0.061083818235711296,0.1957260888231398,0.33102110631127646,0.137286085332734,3.7934667451065542,2.0371711915798874,1.5041748266672736,3.8583012713278384,8.853241586200324,3.430810087790846,5.711141672641931,8.38920346030359,22.32742092903805,26.059040563792664
24049FL-01-55-01,0524-1,30,December 2023,subpallial,v13,baseline_feeding_schedule,0.17583767579491616,0.036635740257068394,0.3314284064524365,0.064219321940155,0.18830355234486817,0.32499340028971047,0.08715501956083838,2.4691055653189857,3.268638713608727,1.7931134588961406,2.8090757049458848,6.175766835290173,2.653652115085246,4.7784432303016695,8.197118766814025,24.40574730414131,39.413196296657595
24049FL-01-56-01,0524-1,30,December 2023,subpallial,v13,baseline_feeding_schedule,0.1503208780153097,0.04884072996811628,0.34852720834688355,0.06877817241511275,0.19792299134404168,0.3445397625254617,0.14628513719127,2.3360622400859685,3.038363583803347,1.8449752353808984,2.939053572668953,6.156308342310187,2.78422089871003,5.386719808913234,8.472196412570923,25.134619941364456,38.900608676149695
24049FL-01-57-01,0524-1,30,December 2023,subpallial,v13,baseline_feeding_schedule,0.03301316127858944,0.040798664492945225,0.2797591022470741,0.04037693027414102,0.2654132519505188,0.25124592059042195,0.0776314172792757,2.6257585232162204,3.1470714982904537,1.80054661292869,3.1135552297505384,6.2275006946013445,2.7089246337666593,5.7601411052904075,7.959761405248105,27.876551690894374,40.163197369661965
24049FL-01-58-01,0524-1,30,December 2023,spinal,v13,baseline_feeding_schedule,0.042385661993996626,0.03503157381855848,0.28685810777608856,0.047159459413248395,0.2811235746036994,0.23809778805236992,0.11717859565122224,26.022564759027524,5.948839637632878,1.082748117519024,1.5316198769228924,6.032597375458065,1.5763916638939108,5.27827153396993,8.184981586207334,24.795799015297543,37.69090788049804
24049FL-01-59-01,0524-1,30,December 2023,spinal,v13,baseline_feeding_schedule,0.04478076071170778,0.04272558975080343,0.2963743753971727,0.047967653967772694,0.24307260219332527,0.2345822869688211,0.14790768629875606,26.20525242196831,6.243907025371279,0.9485033174848216,1.4539975988984928,5.973695635925154,1.5299297402754823,6.291903019393993,8.198660950085275,27.646049557293978,41.351216916943315
24049FL-01-60-01,0524-1,30,December 2023,spinal,v13,baseline_feeding_schedule,0.7292949066102057,0.3021415545097884,0.3987746462149924,0.03243511955984113,0.1183477519741527,0.4209774464482814,0.11154602824370219,26.11211289360603,5.5555210628148375,0.9390404153910871,1.384249742436626,5.907722729578004,1.3434451414864592,4.951807185968758,7.3389989455681794,25.56315362890246,35.47150198197631
21047R-152-01,C4.1,29,February 2023,cortical,v15,baseline_feeding_schedule,0.6827384054644692,0.3064448651560765,0.4313308412242836,0.027902439854577465,0.07964692350006619,0.4464590708895587,0.17940859139199083,2.4874995688491834,1.8041156673728147,1.9179212984387932,5.79128592457583,11.18715876473254,3.4624843013503654,5.410382204655397,7.536577070672469,22.016265204520714,31.74035324256338
21047R-152-02,C4.1,29,February 2023,cortical,v15,baseline_feeding_schedule,0.6877389169756787,0.26126660952962455,0.40724017994440487,0.04436205794478809,0.09449599355967442,0.4715667418147658,0.08544277186207871,2.3597555750325525,1.7419323370312387,1.947479015909426,6.217492013114581,11.317279539535,3.214479793233246,5.311700100920365,7.780662470625618,22.013289486580316,31.649913350526
24049FL-03-01-01,8858.3,30,April 2024,cortical,V18,baseline_feeding_schedule,0.20759161540920945,0.004436010493414577,0.36092922050402576,0.05826861284081364,0.34847941915101943,0.38827743120014746,0.22480230024286108,3.972640995950728,2.5340229904106746,1.3379809436694325,3.407727261890503,7.337742313878278,2.454344615167741,6.794535952796438,7.2561702411148765,21.983666409770063,30.557978159284588
24049FL-03-01-02,8858.3,30,April 2024,cortical,V18,baseline_feeding_schedule,0.2089765433387228,0.08796847592415902,0.38347354278713974,0.0927853862046033,0.2775773560880834,0.4373276364171088,0.26188083410156104,3.060867109738442,1.706922432677884,1.3822560774666526,6.043529418610558,10.715201943455025,2.602430361497661,7.657388345107534,7.653521246135857,21.298225155736922,30.98193517190656
24049FL-03-02-01,C4.1,30,April 2024,cortical,V18,baseline_feeding_schedule,0.22911240923958354,0.0786719943896741,0.3814855230089382,0.09916175331845589,0.27451178358990336,0.43496025884141654,0.2405065384548054,3.214670537657963,1.7702642176773355,1.371469231671409,6.243387794111249,10.263427320397556,2.7377744565293924,7.249306616216645,7.581605923943218,22.88658769289706,29.99267382932179
24049FL-03-02-02,C4.1,30,April 2024,cortical,V18,baseline_feeding_schedule,0.22281724815876613,0.07059509909299755,0.3872196900786253,0.08248928558813606,0.2886913344842279,0.4361648376638264,0.22233842763583467,3.0144046957926824,1.784805167699654,1.39847955885365,6.145409805209619,10.029063815991627,2.600055055937472,6.901856744724039,7.746401152289807,20.771520728299755,30.838316782165432
24049FL-03-02-03,C4.1,30,April 2024,cortical,V18,baseline_feeding_schedule,0.24585572020655677,0.014686960779276781,0.2785575333055761,0.02612876139727227,0.3424511565772328,0.31738619175290295,0.12538765342210634,3.510649028593375,2.321898854081562,1.5680432618908817,4.822841958883764,9.239289408417685,3.8317471313866407,5.224171045146103,6.860648842111099,18.84230067611605,27.89192186850926
24049FL-03-03-01,C4.1,30,April 2024,subpallial,V18,baseline_feeding_schedule,0.21820591097322517,0.009944547241231616,0.28199116612336644,0.046369403175929635,0.31757528797807433,0.32469306911739526,0.19627552691635375,3.438518024920602,2.1991917954169837,1.619712613972133,5.239583800308297,9.425333898346386,3.5069143760525323,6.4462464838075295,7.272386500330104,20.097279506377344,28.98833616160193
24049FL-03-04-01,8858.3,30,April 2024,subpallial,V18,baseline_feeding_schedule,0.20931214987959584,0.025125252402306675,0.28510868365181746,0.0209279030183257,0.3615302450047919,0.4609426065073415,0.0789696918889462,2.6346862518522327,2.4621035626916794,1.4810862697953902,4.50418178266845,9.97303564729515,1.834310368364749,2.9323362845089527,6.649950894491892,19.166766844991674,20.496187885695914
24049FL-03-04-02,8858.3,30,April 2024,subpallial,V18,baseline_feeding_schedule,0.2751478233820813,0.06056906988674182,0.2990641619248619,0.07470211686319084,0.4059375461494612,0.345010253770222,0.11431506526693036,2.8475496377925755,2.9571254536140277,2.0574462287336455,4.265298899954659,10.260176482634956,2.9878843951911143,5.242184091412588,6.5101169335944595,19.932895546523554,29.73782769049224
24049FL-03-04-03,8858.3,30,April 2024,subpallial,V18,baseline_feeding_schedule,0.23620512063447113,0.007179872640922569,0.30387296788856744,0.04883881260187806,0.3468707145415786,0.41298566922547475,0.16423123341786783,3.0820741466502763,2.678933468443974,1.7120902439428296,4.948340249885435,9.732277257386952,2.3432206108743596,6.007815792132304,6.797687521959059,20.78286986044687,28.523307280148355
24049FL-03-05-01,C4.1,30,April 2024,subpallial,V18,baseline_feeding_schedule,0.17065829407465305,0.009508892347711906,0.348279412359929,0.04781133880007493,0.3214319023613055,0.432916470419506,0.2008523645527336,3.756970034984784,2.3353102630456517,1.27810055368448,3.6356409496685687,7.825828982091106,2.0929381124170154,6.400734330412497,7.277546881637391,21.210902840990013,32.87706145346668
24049FL-03-05-02,C4.1,30,April 2024,subpallial,V18,baseline_feeding_schedule,0.18963918475837027,0.011788870362120063,0.3442550757748635,0.05109915488362837,0.3404775672574063,0.44199247863112584,0.1710215928538641,3.971224839417133,2.383477348703019,1.2518759348021367,4.102795532034906,7.408341341992902,2.1958453342567026,5.980994632856811,7.102908179966574,22.64337453051316,28.009643673874912
24049FL-03-06-01,C4.1,30,April 2024,spinal,V18,baseline_feeding_schedule,0.6965596787348152,0.325782297045641,0.38882554337713937,0.08870740181294723,0.22110950229530724,0.5879181923218,0.009469235753241434,23.14515833040485,7.435026736499388,0.7821859047710792,0.779811727487976,4.030227935461601,0.8141126205558734,3.879350874970055,4.945121594523422,20.18224207516643,30.11840972412601
24049FL-03-06-02,C4.1,30,April 2024,spinal,V18,baseline_feeding_schedule,0.6117617175689711,0.4321315140798374,0.40356350974213284,0.06298322944516827,0.20463988612082662,0.6089264752769695,0.036950427436040045,22.089184585786988,9.591878563157588,0.6381512717761609,0.9186991087556959,3.651910186016454,0.8170084886042291,4.133601571616712,5.570405845706509,19.030188399970893,28.981046784720963
24049FL-03-06-03,C4.1,30,April 2024,spinal,V18,baseline_feeding_schedule,0.6437050310786365,0.4225667194595102,0.4028490325661066,0.06081380150849669,0.2170572058088429,0.6304067106027412,0.011404835991492446,23.50765294988092,8.570922337980171,0.6383201743519373,0.8712060997742874,3.372873876232098,0.7341708583119175,3.8560554408710175,5.9462702751305665,18.01172280036916,33.73326988901327
24049FL-03-07-01,8858.3,30,April 2024,spinal,V18,baseline_feeding_schedule,0.8450199217849228,0.21211646553248198,0.3640228105667133,0.0135606428651725,0.22602845692843254,0.5844220693840021,0.05579753014514044,30.732737891270194,5.157525338580716,0.8374140343563211,2.014051875080466,5.330911813658634,1.0615689691644494,4.452497113965815,5.760615785816405,19.607987209428064,17.73331742569523
24049FL-03-07-02,8858.3,30,April 2024,spinal,V18,baseline_feeding_schedule,0.8058715804532975,0.21070803578791708,0.3591697957484607,0.0032907881547273865,0.3117351402200068,0.5562282065893177,0.04138516141654269,26.254333079483935,5.339145115296112,0.9856263234647852,2.878837517841636,5.655762906752539,1.3144234065331797,4.386308571973127,5.308832539739228,20.529301301331376,21.694488245113615
24049FL-03-07-03,8858.3,30,April 2024,spinal,V18,baseline_feeding_schedule,0.811176667271311,0.23681795878269363,0.33833253648480605,0.01887369733119182,0.23186229138073833,0.5740859906048281,0.02963715565544489,28.47887417937625,5.7128724696748305,1.0082997261645292,2.1144846481846784,5.364200218831314,1.0761976752059281,4.323842722990877,5.253865870386398,19.926707685649177,17.103608331466415
24049FL-03-08-01,8858.3,30,March 2024,cortical,V17,baseline_feeding_schedule,0.3585054556622618,0.15232435658959842,0.302134173358893,0.04550043217695965,0.5106769556805297,0.2281257245908639,0.22042749597361977,5.482838939011116,3.3232371666451024,1.884035666067667,4.561456399357557,8.38586572701178,4.711930061093898,6.977169974001268,7.509108868934949,23.56627891482618,28.064554639546024
24049FL-03-08-02,8858.3,30,March 2024,cortical,V17,baseline_feeding_schedule,0.35992700103811043,0.009390570611641169,0.2863902706182334,0.04474196497698879,0.5140964744558834,0.18315699021363607,0.18798340432709215,5.528002965984368,2.1504644461656146,1.8527868851959313,4.610211871248255,7.890721420243799,4.548214231954855,6.284117996534198,7.706786402430458,23.399577796344925,25.675163719378915
24049FL-03-08-03,8858.3,30,March 2024,cortical,V17,baseline_feeding_schedule,0.3270156126149221,0.028858651572469696,0.2841044662002845,0.048175393073791484,0.49121169208205917,0.20031460817858082,0.23935649082838395,5.306859562684386,2.2056840229226804,1.9726312410198548,4.740411813980632,8.869643044908033,4.693221139641203,7.3703461419060226,8.069830385162229,24.449054431453387,29.142167626823387
24049FL-03-09-01,0524.1,30,March 2024,cortical,V17,baseline_feeding_schedule,0.23602462211796527,0.004001648873414421,0.35448486021707937,0.07107780847137535,0.3749587744223499,0.3416688173585556,0.44614220376094116,2.7193931408087457,1.9361185990899203,1.7710262580498797,5.255230791992458,9.705460120661007,2.718210073353509,12.42808381256084,8.396153204581825,21.115028327530926,32.20234385082824
24049FL-03-09-02,0524.1,30,March 2024,cortical,V17,baseline_feeding_schedule,0.21804850837079492,0.0044172682135874,0.35148981097081955,0.04595746544706958,0.366477903965128,0.3488455310799239,0.31164947604137516,2.617404506308689,1.88634307284076,1.6581556345317625,5.490504664284494,9.427326528519247,2.351210904359562,8.773550291942165,7.978044908394668,20.371236745004747,29.155168030267525
24049FL-03-09-03,0524.1,30,March 2024,cortical,V17,baseline_feeding_schedule,0.37774805496018715,0.00687277146387788,0.3398180098193364,0.09677113549648697,0.4210284907402482,0.3730575954707148,0.4684055222124228,3.517909347505501,2.000905231106957,2.3695702689579483,4.236297498612635,11.220525042689228,2.630182264086088,13.515694948610964,8.813361071755258,21.335373084411916,40.265839759571655
24049FL-03-10-01,0524.1,30,March 2024,subpallial,V17,baseline_feeding_schedule,0.1128793242538374,0.06826679646317768,0.32587025757373755,0.1333346142459837,0.20695450663179726,0.4653738702356234,0.397183744038619,2.0293569874533945,1.4703888443314972,1.6511579247595614,6.5956650713604885,11.167925500074446,1.9883994811834103,10.7385626447823,7.721070724255214,23.821677833235483,33.364283184371295
24049FL-03-10-02,0524.1,30,March 2024,subpallial,V17,baseline_feeding_schedule,0.10838616335309315,0.03702392260990445,0.3348491482360575,0.13693732573327355,0.24857943369109314,0.44925247651754874,0.4276188403041944,2.17657174650984,1.638069572255595,1.800878123295799,6.871873225692607,11.135412848499906,2.4623844363192253,11.753735236023935,7.75157660988384,26.449808956629248,32.875843914540724
24049FL-03-10-03,0524.1,30,March 2024,subpallial,V17,baseline_feeding_schedule,0.11959938135772596,0.029334254397426096,0.3152404528095586,0.1465249947285876,0.2268841797526564,0.4324318784001817,0.34132210781053807,2.130567378461996,1.6959997962654234,1.8246439155614187,6.875699390828332,11.60790702141785,2.4290129196092924,9.468813888686693,7.547222367162428,26.61477751110525,31.767853427483693
24049FL-03-11-01,0524.1,30,March 2024,spinal,V17,baseline_feeding_schedule,0.8297962317167831,0.29940018576037497,0.43211532365557836,0.08768996803906975,0.08167861274933952,0.5809288306756333,0.07376326651425269,41.30806442611264,6.346340028493427,0.621974098534695,1.0868969861056648,5.596355351318621,0.8973827977519953,4.787428062498201,5.133532971117647,25.79533997116179,19.371931795975495
24049FL-03-11-02,0524.1,30,March 2024,spinal,V17,baseline_feeding_schedule,0.7871092025809219,0.39413623190429137,0.4396012171884992,0.04895498243596136,0.07925126482994727,0.5709857508577392,0.21943464806430757,38.9345374420532,8.09325643970141,0.6810442003722242,1.0315622910487152,5.646418681832623,1.0397534027804864,6.9444648106721285,5.824764952500043,28.354667599692846,27.507353112966225
24049FL-03-11-03,0524.1,30,March 2024,spinal,V17,baseline_feeding_schedule,0.7903338719873358,0.3313596976662526,0.41334386145660973,0.029026825456698824,0.14126000111667936,0.5785724773193499,0.17202738191844302,37.86591416302833,6.257679331409584,0.7378940064145789,1.267761852568271,4.972031125682453,1.0178202742786147,6.114167914731941,5.797348119873232,26.58833995451632,26.122453197614384
24049FL-03-12-01,8858.3,30,March 2024,subpallial,V17,baseline_feeding_schedule,0.2560626728861183,0.06480212405266073,0.2904102841717113,0.040517585661310807,0.3425476989774724,0.43336334428301393,0.14832100014724248,2.7713355462280362,2.108402284755857,1.6434866060338347,4.659964075264839,9.464899633341597,1.9098564724740557,5.541013998753137,6.142204416595654,22.37176454758482,17.063541966438684
24049FL-03-12-02,8858.3,30,March 2024,subpallial,V17,baseline_feeding_schedule,0.17208875051782407,0.009192843629343361,0.2885310574239568,0.0345449090793164,0.3660944111824649,0.4238857759158142,0.1304179196855979,2.122357509156454,2.072312910616615,1.7642182814111709,4.307286451662128,9.560875544151711,1.668087290194356,5.343705437073727,6.043276900665485,21.665401046989995,15.224532558705514
24049FL-03-12-03,8858.3,30,March 2024,subpallial,V17,baseline_feeding_schedule,0.23931546982090623,0.004160450091804213,0.3105605270775398,0.03494548454367652,0.3473924652771766,0.38501312344502475,0.13447150731679147,2.6589148050306592,2.343776880400793,1.6900567667088464,4.73721635780512,9.793236527260763,2.0881313933021106,5.4118162718575995,5.966023181126848,21.684836212760768,15.480132839941767
24049FL-03-13-01,8858.3,30,March 2024,spinal,V17,baseline_feeding_schedule,0.8469368829249146,0.13264594387635065,0.3630182336086543,0.024049749273874876,0.2939830804588708,0.49727495299124996,0.22225677181783454,35.0538143271955,4.996444975284012,1.06342127707085,1.6503804191416118,4.401275109187827,1.4319705202468815,7.185165653701928,5.761355507574316,22.105609073175412,33.787912671440495
24049FL-03-13-02,8858.3,30,March 2024,spinal,V17,baseline_feeding_schedule,0.8035138452929711,0.15655831581152546,0.3631609603534329,0.004843371548787501,0.2709040159946102,0.5150819016267767,0.11359066038702814,31.05785693617229,5.134061091236186,0.9459928768005527,1.9371022388697137,4.689902498795136,1.1528099063439918,5.358600683769871,5.322709430526751,20.651255299085683,27.389155692400198
24049FL-03-13-03,8858.3,30,March 2024,spinal,V17,baseline_feeding_schedule,0.796052124998794,0.11396822384115313,0.3772299205554558,0.019523608439046214,0.28785693982145366,0.5177810097377141,0.12564825281394865,29.68815385698919,4.693048198572788,0.8754782250862204,1.9159177957847398,4.634462951341718,1.1858618307641557,5.414888971486841,5.077468577511014,21.31966098052281,23.86228032446589
24049FL-03-14-01,C4.1,30,March 2024,cortical,V16,baseline_feeding_schedule,0.17848350772171684,0.10290934704001536,0.34398774654627345,0.09433302432464807,0.2821047937039516,0.44584557302091143,0.3003891364317479,2.65029289503082,1.4272091881817959,1.732740581789993,5.3593670192394915,10.586885226943188,2.4326621137608737,8.624373304359437,10.318688347720897,19.3503762568664,24.84907508484889
24049FL-03-14-02,C4.1,30,March 2024,cortical,V16,baseline_feeding_schedule,0.16672751795762208,0.087688761292403,0.3263774574389212,0.08681159681375317,0.29223971107589497,0.4625817693161179,0.2545531574072972,2.5583536206762583,1.46777341756245,1.7457675386451852,5.325093335758896,9.784433323846397,2.4254558787925045,7.58423987967853,9.33055480837013,19.36381861718613,25.71949608142965
24049FL-03-14-03,C4.1,30,March 2024,cortical,V16,baseline_feeding_schedule,0.15597316905423925,0.09262480300570292,0.3394719525387611,0.07181448754832398,0.2977627407355994,0.4655922168346982,0.24710233877630716,2.5310275002785647,1.4490119256442704,1.549148880054367,5.427884622201475,9.716724119684807,2.151061056801445,7.457890765688893,9.439422293377547,19.675237901170487,22.89963334750245
24049FL-03-15-01,C4.1,30,March 2024,subpallial,V16,baseline_feeding_schedule,0.0013535103092849332,0.07918614798097445,0.30861567576500587,0.0448773637588904,0.2991157352388425,0.41641241040705995,0.10410493026678702,2.024104845059498,2.193856116987512,1.434836085914197,3.272834441810541,6.577215335444914,1.6358153884089708,5.1325539898556,8.469679363667517,21.590964120304967,26.161393771592945
24049FL-03-15-02,C4.1,30,March 2024,subpallial,V16,baseline_feeding_schedule,6.200728868683281e-4,0.0747182261915359,0.30938754406634134,0.04937832426511746,0.307396503398786,0.4052101892452563,0.1211282792707633,2.0316792663135343,2.277048092290955,1.470634625179656,3.366961483755582,6.499098245166077,1.6531841882460467,5.321582432781416,8.136670768095042,20.989268020085657,27.410454419616304
24049FL-03-15-03,C4.1,30,March 2024,subpallial,V16,baseline_feeding_schedule,0.021061556756417688,0.09822958521053449,0.3006602613598468,0.04989946535327394,0.3116405525184641,0.4100022356593914,0.1286282810844277,1.7574625277853277,2.1277652046585516,1.5116430142053947,3.3619556560432278,6.441915447628242,1.5738209229914348,5.503072139269103,9.358782509800703,19.93190151905879,28.640928416716907
24049FL-03-16-01,C4.1,30,March 2024,spinal,V16,baseline_feeding_schedule,0.5612871270327822,0.39650452666657787,0.3748141593891492,0.008662769349888022,0.2815364477859523,0.529225678768461,0.11051516971375863,16.911021287713147,7.891235424065581,1.0175166933116322,1.9348348177281056,4.5207995044045886,1.1840420861199217,5.174811685330374,7.126425090683484,21.177066062169548,30.250869550127582
24049FL-03-16-02,C4.1,30,March 2024,spinal,V16,baseline_feeding_schedule,0.59985154310272,0.4412265428720472,0.3951090054672528,0.06034597302812733,0.2515886254837788,0.5780860539826567,0.07863659027410874,19.44966951594346,8.401042779589806,0.7402275132478627,1.0868375743859096,3.685312965335587,0.9149008366235862,4.783036889309688,6.600455811482592,19.91016506795611,27.335408161413167
24049FL-03-16-03,C4.1,30,March 2024,spinal,V16,baseline_feeding_schedule,0.589437010970048,0.3811345249765722,0.37701172208732103,0.031089980131757122,0.29385431933642603,0.5521748630634185,0.058591179050738185,18.23706667533145,7.252617709034806,0.8415468748638173,1.7104261660101365,4.220566377792674,1.2331460260814056,4.462439487330543,6.514735982602167,19.821456521867866,25.599826712532803
24049FL-03-17-01,0524.1,30,March 2024,cortical,V16,baseline_feeding_schedule,0.30157167963158044,0.18905068614190812,0.390228546598517,0.04453582133107803,0.33063958896373324,0.3930019659986199,0.14348311107301281,4.629761625515556,1.8406871367284345,1.024030590527051,5.269657210268623,8.373784523456214,2.107470928581483,5.595428802469904,6.129155280846379,20.88300504836396,27.962379593832498
24049FL-03-17-02,0524.1,30,March 2024,cortical,V16,baseline_feeding_schedule,0.28465279839820945,0.18560404006216302,0.38176540944419063,0.05395401419523416,0.33210073651265615,0.3986792046450346,0.2577180168757226,4.51482763980394,1.8187659802562592,1.1304829285186906,5.335129661831144,8.439685570912895,2.032918995384522,7.520630687770433,6.690619141523765,21.343985878429166,28.494527864955117
24049FL-03-17-03,0524.1,30,March 2024,cortical,V16,baseline_feeding_schedule,0.29837458520469085,0.17701993559545232,0.387820730856019,0.07466311947234905,0.32511091960448624,0.3662925097458569,0.3044753760036878,4.584923096827149,2.007957199662023,1.2395973299473853,5.436865458839,8.715970221714175,2.2880477878323355,8.496700885077688,7.101364847945628,20.92750274400892,31.054068118242437
24049FL-03-18-01,0524.1,30,March 2024,subpallial,V16,baseline_feeding_schedule,0.12949044792598385,0.10663712803768771,0.2909904452919254,0.043519399011379245,0.21378564932117783,0.3878189407284244,0.24079188650655736,2.026934917897596,1.6754737966119337,1.8903806343248546,5.15147031002754,12.9927349964053,2.6794643009316657,7.262969659315536,6.926040021696122,20.05141091660051,37.63172006102412
24049FL-03-18-02,0524.1,30,March 2024,subpallial,V16,baseline_feeding_schedule,0.14643694584437827,0.13429450130751686,0.2575238757550369,0.03572775942112438,0.24175667095540265,0.3974310327896695,0.18591524428279171,2.2730691333950364,1.59773769234585,2.0574178763359376,5.169907119098365,12.90743768772262,2.682452094327332,6.228825923109137,6.308464619026514,20.35764372031495,33.25325926768876
24049FL-03-19-01,0524.1,30,March 2024,spinal,V16,baseline_feeding_schedule,0.7122152779585489,0.1566550868084513,0.3597251143601038,0.0018496442285216297,0.26030506952973476,0.5392726814404512,0.08146664754408306,23.875671763522977,3.9007121525765243,1.0701732257889924,2.751504772237733,5.7976574328242005,1.349735762077755,4.793839657081407,5.957771297866048,21.879203156466108,28.491738042902103
24049FL-03-19-02,0524.1,30,March 2024,spinal,V16,baseline_feeding_schedule,0.7072701917052084,0.1658072206273421,0.34437147611566954,0.026035752014471614,0.22550022545589288,0.5188983066520502,0.07498783627816863,23.568956628622,4.164479824780495,1.1484908719132225,2.0963273155711515,5.936216093475137,1.2117195648957124,4.763316501498172,5.733728301036075,20.868151971536,29.00245212191094
24049FL-03-19-03,0524.1,30,March 2024,spinal,V16,baseline_feeding_schedule,0.6208340530854048,0.07132461241123944,0.32533189584391303,0.023146139408054878,0.23880848380355268,0.5404372360956571,0.025898376330200312,18.087710181095666,3.1316285602007117,1.1537027137090599,3.625866013110233,6.495622895593423,1.3792948325757886,4.137292314598013,5.9598297888325025,22.583379657346832,23.101765136442967
24049FL-03-20-01,0524.1,30,March 2024,subpallial,V16,baseline_feeding_schedule,0.17827443100891338,0.10151612444130731,0.28677902541528466,0.027271209137550656,0.3220708690878751,0.44401834253143035,0.1963170225624008,2.365421426364855,1.7357047809645803,1.8051668502321832,4.955294810209273,11.882403778338492,2.1787171925462014,6.431219189420003,6.623079398223238,18.486616045445764,33.09337321852476
24049FL-03-21-01,0524.1,30,July 2024,spinal,V20,baseline_feeding_schedule,0.6813493069647201,0.21673287661823748,0.3692851432805515,0.04116532711532506,0.2568807189106743,0.5598410332290369,0.051972723850921554,23.348243867348373,4.6665466552583625,0.8648118158974634,2.256556615890382,5.915928367414285,1.4193277225276895,4.4140998798767095,5.078386386111464,21.243925407373,20.58209750558247
24049FL-03-21-02,0524.1,30,July 2024,spinal,V20,baseline_feeding_schedule,0.49824051646436684,0.45387701179562945,0.38250753527363784,0.10604620278714527,0.08955024256138788,0.41565909221279873,0.40439847771174076,22.49420740205183,8.269729176831397,1.5537113964606981,3.032138790951542,8.220687059710022,2.428190971253602,11.859812771418202,6.688653231118542,40.434896909846046,49.00554412134195
24049FL-03-21-03,0524.1,30,July 2024,spinal,V20,baseline_feeding_schedule,0.7403757737993659,0.26091823349207655,0.38499856651852576,0.042268291113234435,0.25121615267074926,0.5628202781539227,0.10525541884396272,26.575279756200842,5.424229545177602,0.8136539832392699,1.5767776658315218,5.038284689903333,1.275741891263051,5.07585493119301,4.87987345768724,21.70544444284755,24.968228844864164
24049FL-03-22-01,0524.1,30,July 2024,subpallial,V20,baseline_feeding_schedule,0.08257283531836951,0.06086639567808427,0.23750672920576898,0.03780467815181532,0.12277557689396934,0.3570632153369572,0.2285528995096786,2.269262739697853,2.049977767868145,2.0752640435865684,4.304040414157376,12.837704376850905,2.386624069136336,6.957947036435994,7.38181917844964,21.626769229390558,33.58812754076484
24049FL-03-22-02,0524.1,30,July 2024,subpallial,V20,baseline_feeding_schedule,0.1376241830305549,0.0820020646697886,0.22976039877538912,0.05461247818951653,0.14996923173552634,0.29909353585184384,0.2696210606231979,2.3281287002308035,1.9994137055075079,2.4743795025448243,4.486504218704949,13.332143524417157,2.979415671362488,7.8939880997041945,7.227974103520266,22.770742144089862,37.371116307305165
24049FL-03-22-03,0524.1,30,July 2024,subpallial,V20,baseline_feeding_schedule,0.10814399794253987,0.08285931109191913,0.23505561379082385,0.03449533162724161,0.12502405707137765,0.31851965341601585,0.24315416470068707,2.2680582932309443,1.932871026858489,2.1545630723230973,4.49142216738393,12.817713193499166,2.6990704135937955,7.195604230373388,7.111422983505823,21.792787494851844,31.025476556191713
24049FL-03-23-01,0524.1,30,July 2024,cortical,V20,baseline_feeding_schedule,0.16037608771293332,0.030948254299237865,0.3098117637231492,0.032955295709615195,0.2299597545143286,0.46118906309125496,0.26021165827697545,3.900503046669262,2.074000474276184,1.4144213755395583,3.9464505847100715,8.732467364738776,2.777681710100627,7.621935054588306,7.34739588038453,20.561736917488577,29.260329254566454
24049FL-03-23-02,0524.1,30,July 2024,cortical,V20,baseline_feeding_schedule,0.15128179979262846,0.05394748594399312,0.3158174271727168,0.025530881441916953,0.23641358952086233,0.49143292434471153,0.23634137037876424,3.6118217542754163,1.9435121489724314,1.3202245202364535,4.094141701306535,9.249500775137276,2.46369201220085,7.113923444515466,7.581269265580301,20.593225291220936,28.75537994829864
24049FL-03-23-03,0524.1,30,July 2024,cortical,V20,baseline_feeding_schedule,0.2968336066346821,0.004216678309494459,0.29860010334607545,0.03185420704148234,0.3081181293101387,0.4007633715631066,0.1499701881735943,4.605737637317046,2.5410737159598362,1.7322247897745329,3.450506216991418,9.329829085150198,3.7033692368430744,5.750889905880232,6.26767018492109,21.686071599146672,29.624932671930242
24049FL-03-24-01,8858.3,30,July 2024,cortical,V20,baseline_feeding_schedule,0.27004538802412137,0.005506124238508381,0.24006624244148345,0.02637338348889784,0.39959996920754814,0.33582160242889025,0.27483755576182933,3.991398313161473,2.237568836967643,2.1630046668873697,3.58496183833258,9.971857216864557,4.260844162337538,8.052242605058447,7.8029319533828545,18.802498449773104,26.47776116880548
24049FL-03-24-02,8858.3,30,July 2024,cortical,V20,baseline_feeding_schedule,0.2204757119104302,0.006866199183348076,0.24092113055124498,0.018910281547366847,0.3560776842936788,0.33466279781987673,0.2243760323013878,3.839343168982217,2.1348226278490885,1.9566710392886937,3.3318708268335535,9.513645733416835,4.018606624421155,6.997690002934764,8.090481994449828,18.030654674610272,25.408798013358123
24049FL-03-24-03,8858.3,30,July 2024,cortical,V20,baseline_feeding_schedule,0.5664413613134173,0.24488364574494992,0.24765191909596307,0.026731486818706185,0.4524615170809325,0.3076391883579219,0.28804095281462994,7.961532953147232,4.349980991339907,2.6474318491560833,2.5348321512261887,9.937708071072986,4.657775825881466,8.848590771450485,7.719287086200435,18.53558599256891,26.624156050633385
24049FL-03-25-01,8858.3,30,July 2024,subpallial,V20,baseline_feeding_schedule,0.16097096945494693,0.053616206412376965,0.28077111991518333,0.03696583123227781,0.325732271382408,0.41866248903588166,0.18956086610700495,2.633392741755098,2.7100095035013467,1.711096808223417,4.4574583986038,9.889795034609971,1.9384831498662407,6.344351558885086,7.749791624197039,18.302049657580053,30.44215402209148
24049FL-03-25-02,8858.3,30,July 2024,subpallial,V20,baseline_feeding_schedule,0.15174740922366847,0.03231711696177042,0.2879446577373796,0.032262033537248436,0.35300578964627616,0.4352532017377632,0.16171357572620682,2.4397862699740376,2.5042938751996715,1.7292517967919865,4.818730110598128,9.06704642875748,1.917646774486921,5.8483730858008345,7.338678048412143,19.911165266953276,27.005285835943077
24049FL-03-25-03,8858.3,30,July 2024,subpallial,V20,baseline_feeding_schedule,0.1451692173986835,0.036653544327418186,0.2983571156009447,0.031992676373786666,0.32637873338921186,0.4406746219617321,0.2104190489176775,2.3779571611890558,2.4524386338511976,1.6837670489471563,4.704339437580411,9.078080751500915,1.9002341649069825,6.7238576590764,7.704439014637284,19.39802917063873,29.123041827476943
24049FL-03-26-01,8858.3,30,July 2024,spinal,V20,baseline_feeding_schedule,0.9042560792121455,0.21367412609166625,0.30121930104249744,0.011283425773783828,0.18116919373991958,0.5590632018380468,0.15957827515910128,36.6174588513024,4.894917266034052,1.2463515764559163,1.9520385429001332,6.307378248245524,1.0577947338296885,6.289682013322456,6.34408269387003,19.115087267837303,30.35292327333586
24049FL-03-26-02,8858.3,30,July 2024,spinal,V20,baseline_feeding_schedule,0.8593467008426889,0.13242604157090576,0.35494696562300826,0.009316389576015771,0.232044360286905,0.5542134462868356,0.12200762476144877,32.54751752442611,4.372392368087708,1.0173184066097682,2.548914180856156,5.958378265175901,1.1897342719977086,5.447980165841202,5.438992351396865,20.067163067246266,26.991091924151156
24049FL-03-26-03,8858.3,30,July 2024,spinal,V20,baseline_feeding_schedule,0.8638001996192597,0.1450450734167995,0.3531349612401974,0.022415522353137818,0.21126467666378335,0.5457042330572026,0.14477373546921546,34.11246992215384,4.415532485567854,1.0432228316371064,2.592313392800785,6.236363666739123,1.2736347750691124,5.848799915036233,5.783483821780819,21.401815084837988,27.3079948578484
24049FL-04-02-01,0524.1,30,June 2024,cortical,V19,baseline_feeding_schedule,0.13740756284211497,0.02708448012470499,0.27618097438055456,0.04557425616192323,0.26721232757943847,0.5096954036885092,0.32825037294244264,1.9583420983781488,2.0072033593293344,2.6265159680728636,5.468943640017404,11.441250688024624,1.5592978626769787,14.984485177003304,8.263704430235888,21.99843248758267,36.50150465840257
24049FL-04-02-02,0524.1,30,June 2024,cortical,V19,baseline_feeding_schedule,0.18454927240039865,0.0232835296189583,0.2821681402230317,0.05879656692414503,0.2797144642694609,0.4781436327266134,0.32401633497247206,2.170916406163111,1.9713975899488012,2.6154838352441736,5.454547803690488,11.250222133872654,1.9411897514644503,14.948761399133783,7.857345342455112,22.293595064623133,32.579564481017016
24049FL-04-02-03,0524.1,30,June 2024,cortical,V19,baseline_feeding_schedule,0.15929892830157366,0.034977377764243145,0.2716484132538389,0.08789048956624002,0.2489623959520313,0.5056982045857241,0.32294513607851427,2.0619528324458085,2.1249954204621226,3.040490637625982,5.429134435164765,11.956021566609037,1.6547353070017403,15.832437789698817,8.393437406207893,22.197038768703653,45.56499912085744
24049FL-04-03-01,0524.1,30,June 2024,subpallial,V19,baseline_feeding_schedule,0.10002955203977304,0.05477207136174056,0.2813490721339805,0.07500652690800513,0.2632049825620203,0.4589006068880037,0.20810793327926735,2.6984040159557208,2.345693878166334,1.8940948020506092,3.749844673929055,7.951088689063658,2.004394776754765,9.297208037476862,7.052933073322573,19.091680005958192,39.36789003419064
24049FL-04-03-02,0524.1,30,June 2024,subpallial,V19,baseline_feeding_schedule,0.10515224852979421,0.04029841198531425,0.2733196594268573,0.06617740921899573,0.2668562498747663,0.43736603020535114,0.21673265682181198,2.681959134331508,2.2718241061309845,1.8695381779704021,3.613555910570599,7.831380521585917,2.0542250766942782,9.445834849953545,7.2803591618216394,19.030793103770595,37.44202776819039
24049FL-04-03-03,0524.1,30,June 2024,subpallial,V19,baseline_feeding_schedule,0.11898122552139101,0.042636211410681524,0.2835256831232146,0.06869962761767412,0.2724394884010988,0.45501916448503327,0.21389039781085328,2.5252895512285494,2.2646958983566727,1.9734270446083373,3.8256131770375426,8.286891497847533,2.0050583981601933,9.779548142835466,6.898598867236549,19.407040713739356,38.73153797643394
24049FL-04-04-01,C4.1,30,August 2024,cortical,V21,baseline_feeding_schedule,0.2605808370886955,0.08443659547960514,0.33071832735820333,0.02150319102063114,0.47103693948629943,0.39178302173604795,0.15935256754867466,3.2107335516464057,1.6407130318116756,1.5704202239055562,4.618869712874053,8.012850698670572,2.350952592498247,8.003107476292946,9.406411701332628,19.537307162745282,17.41503577159986
24049FL-04-04-02,C4.1,30,August 2024,cortical,V21,baseline_feeding_schedule,0.2456738743908657,0.12561602933801508,0.3514523805213725,0.0591912320514667,0.40915052917883155,0.3509904501683794,0.171990956296467,3.0567686944584556,1.4614229614349026,1.576522293649405,5.674642187230813,7.707634680348268,2.562739577342391,7.78988275433301,9.250579709395772,20.616348964873417,21.87232806819441
24049FL-04-04-03,C4.1,30,August 2024,cortical,V21,baseline_feeding_schedule,0.2258485841534994,0.08651831644951508,0.3422111842751746,0.03593432920343376,0.4302482217251208,0.29573999478433477,0.2444498172697802,2.952409609677816,1.5726821363954036,1.6547546300902325,4.4592682814162465,7.56469910768961,3.1025404858665717,10.199223295323682,9.656475294987777,19.812083292665715,19.763449369661146
24049FL-04-05-01,C4.1,30,August 2024,subpallial,V21,baseline_feeding_schedule,0.13470748804554356,0.09586055611099076,0.2517801652576852,0.014788027836656115,0.26837379603071354,0.3789239541713022,0.005658420514548457,2.5572635512645077,2.003108883084413,1.6860692626540377,4.4193442621495915,9.813923306794758,2.771627146940643,4.535065627261363,9.235286481542065,19.564004680802512,17.92435402332715
24049FL-04-05-02,C4.1,30,August 2024,subpallial,V21,baseline_feeding_schedule,0.161018339624725,0.08248606164487904,0.2680110261843739,0.03591641976286475,0.28909756709666334,0.3649168341896214,0.016536455304239306,2.767153902707256,2.0545954148734418,1.7038000576919239,4.41784702319689,9.525142527332157,2.850923894850197,4.810308507113355,8.341266984423477,19.63050582866833,19.58664159192817
24049FL-04-05-03,C4.1,30,August 2024,subpallial,V21,baseline_feeding_schedule,0.13866831428471516,0.09494845881677821,0.2682066794066065,0.007198427438290356,0.26189231744730423,0.38975589453119086,0.00628939363930292,2.703919430149893,1.9381736210161031,1.6137100379478169,4.636183879274347,10.064251557335073,2.7463455450561702,4.736653846179686,9.462960851427313,19.703801064650253,19.127663560569584
24049FL-04-06-01,C4.1,30,August 2024,spinal,V21,baseline_feeding_schedule,0.8790516318684864,0.43867613748305023,0.44358177923660896,0.07403405352605846,0.0897767224229008,0.5932991994709327,0.016673438609133617,38.99294110903702,7.6942795823661845,0.5408563098461863,0.9635241234754722,4.813290365354262,1.0108265325260566,4.055429414105892,5.115754450739241,20.538440299786966,18.756471954802095
24049FL-04-06-02,C4.1,30,August 2024,spinal,V21,baseline_feeding_schedule,0.8768244880284077,0.45396719668246555,0.40825224240566194,0.07744516548418223,0.10790576264724772,0.5781321565291985,0.06014481668952898,37.68287756207658,8.379249238412719,0.7218873948110873,0.9319400888494801,5.320870177256832,0.9550536994557574,4.745397767840368,5.520316973281134,19.54691391262389,23.849561581640927
24049FL-04-06-03,C4.1,30,August 2024,spinal,V21,baseline_feeding_schedule,0.8880874249128232,0.4665124223245569,0.40565264364349995,0.05258453179543071,0.11948330737070867,0.5671376615336754,0.10005853748881632,38.723257468297795,8.63806765326672,0.7422761554869304,1.4227330078043425,5.433347830324845,1.183948418501056,5.297864830438568,5.552355229651491,24.670379868977474,21.98940087917671
24049FL-04-07-01,8858.3,30,August 2024,cortical,V21,baseline_feeding_schedule,0.26291991016484817,0.09087237731589126,0.2592239258327975,0.03605876089350968,0.36853820212128385,0.4063906683938119,0.06872799768946403,3.185505126767864,1.7197658092503862,1.8532640391130768,4.556106739150302,9.241860573726616,2.8154315839075372,5.8565537738758255,8.639522178702405,18.96840462786639,20.987685306165943
24049FL-04-07-02,8858.3,30,August 2024,cortical,V21,baseline_feeding_schedule,0.33718080714536514,0.08104163536134984,0.23491302704129946,0.061250717838493784,0.3917441563559515,0.33820760986255227,0.08949914754800892,3.5220539543837193,1.9256076986878023,2.3186836480505457,4.3847744522945975,9.603721765776218,3.598895765378318,6.699180063433825,8.261503670003966,19.973550232977324,22.86013264869813
24049FL-04-07-03,8858.3,30,August 2024,cortical,V21,baseline_feeding_schedule,0.2469414110867429,0.07375216600157003,0.24801036879230537,0.03395973406977382,0.36534464523667043,0.39957824725648794,0.05618554910243123,3.038304083432704,1.8519880609637636,1.842430118563029,4.336255917560062,9.171003595128214,2.779298932991417,5.687607607662046,8.83893107901527,18.32382912073029,20.723120230935255
24049FL-04-08-01,8858.3,30,August 2024,subpallial,V21,baseline_feeding_schedule,0.1127344569064711,0.06603002657561396,0.26892714847146504,0.05627291467715678,0.3265616618104221,0.45447897390943665,0.11479896190170935,1.690853337039868,1.8279938650854004,1.860302451972741,4.877166540532424,9.494538654060033,2.1263402593763745,6.843258895588501,9.137235879778764,20.145111564938066,19.209346698373764
24049FL-04-08-02,8858.3,30,August 2024,subpallial,V21,baseline_feeding_schedule,0.11790822523096894,0.01227702894647098,0.2994784773208352,0.04629059321762896,0.36788630055547955,0.46076436712081914,0.15257966989242355,1.6402872289807635,1.9834080357294763,1.877543155804052,4.704338515097304,8.690268603605793,1.9868287924945793,7.478564811289354,8.618127486494235,20.11466742412325,18.75421348658912
24049FL-04-08-03,8858.3,30,August 2024,subpallial,V21,baseline_feeding_schedule,0.1371181148288778,0.07946536106431451,0.2636850145115758,0.04814708215436603,0.3282559991512978,0.4556737443437977,0.05067823299952401,1.819740018033319,1.8677882001591393,1.893556408944879,5.207282001394304,9.587469178417207,2.2341913047154396,5.49230409322049,8.529110038346477,19.494980523400695,17.405908262528538
24049FL-04-09-01,8858.3,30,August 2024,spinal,V21,baseline_feeding_schedule,0.6456564696852958,0.13712053193189788,0.3422693735389033,0.013384625369824765,0.29293579930822566,0.5201118619631202,0.0920505354544835,19.96646682554521,3.848709568553259,1.1231873884919585,2.76730010043515,5.101052628824938,1.5418694603520378,5.632973372702928,6.514238637118994,19.806894651427854,23.70549111726378
24049FL-04-09-02,8858.3,30,August 2024,spinal,V21,baseline_feeding_schedule,0.7467334534505787,0.15216048635256596,0.34372117963466453,0.003142681571577932,0.2987143532642804,0.536126177396449,0.07269823074725135,25.695806665866392,4.0050130576494185,1.0044540949392988,2.2879576512823534,4.642879678871063,1.4317931520655223,5.296068056451786,6.263801265092708,19.755456477525943,22.130210177653744
24049FL-04-09-03,8858.3,30,August 2024,spinal,V21,baseline_feeding_schedule,0.697348126414767,0.14444273474027391,0.34129285990573577,0.0037878505253533534,0.2760672723905989,0.5368068382990066,0.06783601737141942,24.845731813404175,3.991520869455391,0.9779377169702025,2.147778900769154,4.505899017621748,1.5618376714972402,5.048538722720847,6.416432819392352,19.08341307710235,24.73011398007275
24049FL-04-10-01,8858.3,N/A,N/A,ipsc,V23,ipsc_before_agg,0.01410611446469806,0.11014787490613603,0.3885984546957285,0.0341277942525855,0.6440285585983334,0.44264276024213606,0.12491548108508599,0.49183874062604843,1.0509866417040754,1.9494513791303274,7.889926356858387,3.244984695196487,1.2221796099292181,11.18414293803382,7.911542780330827,19.949240939030506,19.505562611952787
24049FL-04-10-02,8858.3,N/A,N/A,ipsc,V23,ipsc_before_agg,0.010857002658535092,0.11344536778046105,0.3950426051272634,0.023431029468066744,0.6200135925546093,0.41378678403401087,0.1891791731125969,0.4935545398545278,1.0344588719604841,1.9638379841191351,8.274864633764595,3.3681604189000747,1.3771484465493167,13.248633311862724,8.332092465767891,21.848027566925783,21.797913499099998
24049FL-04-10-03,8858.3,N/A,N/A,ipsc,V23,ipsc_before_agg,0.006122371072459054,0.09830621631642911,0.40026288907649077,0.023921647914068145,0.6325327460437711,0.41082199095314365,0.1558464466122409,0.5048660522103553,1.1134136494259101,2.0131165428437994,7.967494457321683,3.411521503585602,1.402295219069894,12.86679571338195,8.031737115745202,20.940875584280718,20.66523470979893
24049FL-04-11-01,C4.1,133,January 2024,spinal,V15,retirement,0.3623634782620013,0.14569690530391244,0.06024370772107779,0.042134447396687424,0.13464899050994594,0.445088395130149,0.1608451202739385,6.680981003987648,2.438994558944307,9.400336148055356,0.8291136683765936,16.771187453532598,1.7491452635452027,19.731988809572943,8.555249184139923,21.431681012126532,35.488707521690856
24049FL-04-12-01,C4.1,N/A,N/A,ipsc,V23,ipsc_before_agg,0.006599384606825104,0.24879765181944538,0.5473336994399306,0.015502202146066013,0.6769008631887827,0.42357840308762124,0.29095972241372503,0.519594501917761,0.5610618016759861,2.4301516416387634,8.385799564556248,3.3707667045083407,1.2611035539826598,17.241279119869485,9.894618705022019,25.699286259938443,23.272427499682408
24049FL-04-12-02,C4.1,N/A,N/A,ipsc,V23,ipsc_before_agg,0.010686297461366678,0.25455479452263197,0.5329438058936499,0.018820240683038225,0.6903622406042081,0.4544418611937056,0.2914456892564794,0.5170061993963194,0.5378375698735437,2.4697528811884233,8.095833619105095,3.2905337350882853,1.0909449103582274,16.889401798652948,9.64557179110813,25.23663387656642,21.971726722605776
24049FL-04-13-01,8858.3,266,January 2024,cortical,V15,retirement,0.27511085386163037,0.1808383253381446,0.016226420382941642,0.05452578016207049,0.061928570344709,0.45013089559223324,0.1732718800723645,6.2076682729934305,1.3725260699551773,9.309241652701669,0.8892734711774246,16.651192924795037,2.192119258568835,5.848103371929523,6.245301886205495,16.073379584303314,24.08227651753145
24049FL-04-13-02,8858.3,266,January 2024,cortical,V15,retirement,0.17524229753300002,0.1944547655903297,0.07138567049558664,0.01643457243791857,0.02275784281567117,0.40318920313932993,0.051674026854990895,4.250368239002387,1.6414169525059532,10.57701401988535,1.2987702938491,18.660880182499675,2.4993215166673743,11.198278805119642,7.0664050834503085,18.38313179473428,26.40540751329179
24049FL-04-13-03,8858.3,266,January 2024,cortical,V15,retirement,0.2115350617577883,0.21022117302881016,0.09030658527344215,0.04958041650577788,0.0071858077953916855,0.39637536490910297,0.00938609464116924,3.9340092460995573,1.3377789740170245,12.220380821717766,0.96342227132682,23.073436095011377,2.5769306600914317,11.22465683168528,5.859068770874003,17.75877707390302,20.206099977355375
24049FL-04-14-01,8858.3,133,January 2024,subpallial,V15,retirement,0.10587846886280894,0.12368511330634813,0.055029136711941096,0.007920827805416697,0.06782441732021516,0.200812159336055,0.4618091964152935,0.9555656164943771,3.9731325791533294,5.444206387048984,2.614613182158732,14.40876857724501,3.2035605899481854,19.336066782506805,10.940251916458728,19.51887670524332,23.501315534570764
24049FL-04-14-02,8858.3,133,January 2024,subpallial,V15,retirement,0.062338038305079835,0.07534422703708044,0.03100268004889406,0.017782774071497642,0.0948542953327296,0.16590313117074074,0.3035825900266733,1.0163725243955561,5.226008113459539,5.708132396211652,2.292799506527211,15.078868803864195,3.321347861853476,12.820404282628045,9.087112612741747,18.689259624019872,22.602784086638838
24049FL-04-14-03,8858.3,133,January 2024,subpallial,V15,retirement,0.0800696418514617,0.07325083484463579,0.007042821144341405,0.009854267524750382,0.10408569508754661,0.2715281380979955,0.1668821606827472,0.9907622003615816,4.56895852777283,5.371785190887772,2.2547478711816975,14.333763622051867,2.4409729993906986,8.62184347802599,8.655818349338299,17.665322920476996,16.869205541332498
24049FL-04-15-01,8858.3,N/A,N/A,ipsc,V15,ipsc_before_agg,0.04298649636511892,0.06158639692141943,0.363707143940567,0.034215617604872905,0.611517906088161,0.3544749786667648,0.02686017661256279,0.6772145040927323,1.2732743104264863,2.385087345524275,7.408305303043022,3.183203248010752,1.5848263143319223,8.088671342720067,8.296493347131403,23.160671699571665,25.14825648296065
24049FL-04-16-01,C4.1,N/A,N/A,ipsc,V23,ipsc_before_agg,0.01983449575719176,0.26316268010416854,0.5263000259574793,0.003306745084091234,0.6697469635059352,0.4332472708933676,0.3087175355226821,0.4817132546777937,0.5073337945816663,2.3960395124301597,8.60063858016971,3.167375397746869,1.205476310480268,17.92245633729117,10.106927659294392,26.4371795077285,23.654258710757407
24049FL-04-17-01,8858.3,N/A,N/A,ipsc,V15,ipsc_before_agg,0.0013566230967205772,0.12514170697980104,0.3390764609011716,0.01403612632783302,0.607377380151976,0.42030770251802757,0.08341363685285752,0.5427433999180724,0.9819175427917695,2.1161440095552226,8.530497722688757,2.6799185053129584,1.222323545913155,9.257215584011309,9.864749866475501,24.897536644589774,25.219116885838172
24049FL-04-17-02,8858.3,N/A,N/A,ipsc,V15,ipsc_before_agg,0.008720483661848022,0.09406124984746439,0.4044639458866713,0.021729027753090602,0.5798818268632531,0.361429860452121,0.1561509501600259,0.5626914365388274,1.1138392672073896,2.139804425299267,8.220281555302156,3.0558793797766217,1.5422764777057292,11.544946758356394,9.62305163336202,25.016258626612796,28.93375920669594
24049FL-04-18-01,C4.1,N/A,N/A,ipsc,V15,ipsc_before_agg,6.827863527408551e-4,0.1358969604773123,0.4869950407603495,0.03206098916157196,0.5947493592053834,0.4234859367833129,0.2810734243727806,0.5365132113545187,0.9531385133122758,2.9043273790643793,7.36770606049942,3.398097393323239,1.2531779742586295,15.140671238441561,8.261578838768177,26.102822900409937,26.849545557816015
24049FL-04-18-02,C4.1,N/A,N/A,ipsc,V15,ipsc_before_agg,7.541148567842826e-4,0.12499535825893726,0.5106251649674333,0.01736723139675389,0.5967505082931435,0.44002594042852433,0.2623372147455072,0.5377767145770489,1.0009893692057148,2.9165973541448684,7.019473333448356,3.3269176672091745,1.1898426008580212,14.440298367127687,7.729808664196014,24.55089251678748,27.6921344253051
24049FL-04-18-03,C4.1,N/A,N/A,ipsc,V15,ipsc_before_agg,0.005182940172501788,0.1039012224496354,0.5202150059831587,0.0023745845139745425,0.6151173809924678,0.4366085722728572,0.23480226258953252,0.5201583133161314,1.0867518035228838,2.9841362761793593,6.961530409475477,3.429349955081468,1.2014285569748588,13.766083809153242,7.6983987179566435,24.144374865491685,26.414436765376713
24049FL-04-19-01,C4.1,266,January 2024,cortical,V15,retirement,0.19756456412712375,0.25670368687854106,0.03965781434579352,0.004534205952379966,0.03372929488152532,0.3431155171806318,0.17579378315093908,4.153656743534691,1.3237806316518552,13.836532631366918,1.0358553229172724,24.146764882440444,2.533191467686614,15.167077301730387,6.745224453609913,20.177252643429465,26.45676415689272
24049FL-04-19-02,C4.1,266,January 2024,cortical,V15,retirement,0.2241402904231895,0.2228621006635435,0.04686673661607843,0.027784287443599065,0.03191508779192809,0.3942693240125798,0.08972324097715978,5.422715940761068,1.3820593188294283,11.350200194196766,0.932518930852191,19.127572078999467,1.935653083934272,12.107657272752624,6.814986893802279,18.7576974928638,30.176438049700696
24049FL-04-19-03,C4.1,266,January 2024,cortical,V15,retirement,0.1805186726411694,0.1855519975533001,0.0045268063357888355,0.03631437578055691,0.048580048247941265,0.4417489847346163,0.08534637717146065,3.955516336435215,1.9811833572006212,10.765592893134896,1.0149146695868843,19.603929819456454,1.713553095825833,10.791647508136734,6.582021343166512,17.798077810015933,23.60566931115081
24049FL-04-20-01,C4.1,160,January 2024,subpallial,V15,retirement,0.0616780744318175,0.22237572698171648,0.1378594529371373,0.07689353886972891,0.13957077480490476,0.42404690457834937,0.3001808918874328,5.808646254777651,2.861854757510995,3.4440883965395743,0.519052077359814,8.18689869401228,1.399733540729763,11.96071935232868,8.62972907305497,18.62519406754343,27.73438726564062
24049FL-04-20-02,C4.1,160,January 2024,subpallial,V15,retirement,0.039646748011578525,0.2024916223007166,0.17337761457070122,0.0941541839480001,0.10203916857733142,0.43986187980335273,0.3198105770610883,6.242634685953501,3.0271012793789995,3.1871023719498828,0.4157050349781243,8.439841734413458,1.4103486466400237,12.321846766704383,8.699498873608064,19.341097400338445,28.617894968271223
24049FL-04-20-03,C4.1,160,January 2024,subpallial,V15,retirement,0.07676787134863228,0.169277297633886,0.16468791503243352,0.04549490199837791,0.044204013594455915,0.3534750485385318,0.3219706254067467,7.471505076290866,3.4268266325891417,3.7206617100400945,0.5843019591489963,10.332312849038805,1.8317787655610966,12.820734634409845,10.047790179133564,24.105440884979142,35.95144068032656
24049FL-04-21-01,C4.1,133,January 2024,spinal,V15,retirement,0.38913924570802516,0.20878955296404655,0.03157592716065505,0.0725588781053006,0.08053235152968674,0.40288409354514365,0.249231255319861,6.442580776624428,1.8079835568427218,9.71717888879743,0.6491501156974335,17.559468325816933,1.8642026993734286,19.774101079079898,7.876737385243658,19.835318596950835,31.142325818938758
24049FL-04-21-02,C4.1,133,January 2024,spinal,V15,retirement,0.4322571587281886,0.1257774402812164,0.06867924313746376,0.07703265410121446,0.15222829859349418,0.46723703359084595,0.11398445301035465,9.65779972154802,2.125150824636746,7.679867655142493,0.7792351347957818,12.816647847521997,1.3481876250603513,13.64217094327854,7.358012874468606,18.616829402030834,28.515521508072876
